filename,instance_idx,uid,keypoint,error,outlier
1-1-109_jpg.rf.da7ed7e5b519c9060721c0ef613d2d26,0,1-1-109_jpg.rf.da7ed7e5b519c9060721c0ef613d2d26#0,AOI,0.012134064431733036,False
1-1-109_jpg.rf.da7ed7e5b519c9060721c0ef613d2d26,0,1-1-109_jpg.rf.da7ed7e5b519c9060721c0ef613d2d26#0,BL2,0.02601196079593566,False
1-1-109_jpg.rf.da7ed7e5b519c9060721c0ef613d2d26,0,1-1-109_jpg.rf.da7ed7e5b519c9060721c0ef613d2d26#0,IS2,0.011726383535116748,False
1-1-109_jpg.rf.da7ed7e5b519c9060721c0ef613d2d26,0,1-1-109_jpg.rf.da7ed7e5b519c9060721c0ef613d2d26#0,IAC,0.01766028977130679,False
1-1-109_jpg.rf.da7ed7e5b519c9060721c0ef613d2d26,0,1-1-109_jpg.rf.da7ed7e5b519c9060721c0ef613d2d26#0,IS1,0.012629196903553876,False
1-1-109_jpg.rf.da7ed7e5b519c9060721c0ef613d2d26,0,1-1-109_jpg.rf.da7ed7e5b519c9060721c0ef613d2d26#0,BL1,0.054652655646151904,False
1-1-127_jpg.rf.e69f5e68d5113bd9c79026da5b0e5dc5,0,1-1-127_jpg.rf.e69f5e68d5113bd9c79026da5b0e5dc5#0,AOI,0.011700103470443736,False
1-1-127_jpg.rf.e69f5e68d5113bd9c79026da5b0e5dc5,0,1-1-127_jpg.rf.e69f5e68d5113bd9c79026da5b0e5dc5#0,BL2,0.011628971145384415,False
1-1-127_jpg.rf.e69f5e68d5113bd9c79026da5b0e5dc5,0,1-1-127_jpg.rf.e69f5e68d5113bd9c79026da5b0e5dc5#0,IS2,0.0020228184442685157,False
1-1-127_jpg.rf.e69f5e68d5113bd9c79026da5b0e5dc5,0,1-1-127_jpg.rf.e69f5e68d5113bd9c79026da5b0e5dc5#0,IAC,0.003409126933090213,False
1-1-127_jpg.rf.e69f5e68d5113bd9c79026da5b0e5dc5,0,1-1-127_jpg.rf.e69f5e68d5113bd9c79026da5b0e5dc5#0,IS1,0.007099179736777567,False
1-1-127_jpg.rf.e69f5e68d5113bd9c79026da5b0e5dc5,0,1-1-127_jpg.rf.e69f5e68d5113bd9c79026da5b0e5dc5#0,BL1,0.012567741021325135,False
1-1-141_jpg.rf.d7b5048ad008fe7807256ab2a03f5ed2,0,1-1-141_jpg.rf.d7b5048ad008fe7807256ab2a03f5ed2#0,AOI,0.021126770230292996,False
1-1-141_jpg.rf.d7b5048ad008fe7807256ab2a03f5ed2,0,1-1-141_jpg.rf.d7b5048ad008fe7807256ab2a03f5ed2#0,BL2,0.029357900517390397,False
1-1-141_jpg.rf.d7b5048ad008fe7807256ab2a03f5ed2,0,1-1-141_jpg.rf.d7b5048ad008fe7807256ab2a03f5ed2#0,IS2,0.029445576234831218,False
1-1-141_jpg.rf.d7b5048ad008fe7807256ab2a03f5ed2,0,1-1-141_jpg.rf.d7b5048ad008fe7807256ab2a03f5ed2#0,IAC,0.022557906268855912,False
1-1-141_jpg.rf.d7b5048ad008fe7807256ab2a03f5ed2,0,1-1-141_jpg.rf.d7b5048ad008fe7807256ab2a03f5ed2#0,IS1,0.026791354003939904,False
1-1-141_jpg.rf.d7b5048ad008fe7807256ab2a03f5ed2,0,1-1-141_jpg.rf.d7b5048ad008fe7807256ab2a03f5ed2#0,BL1,0.12477537806536095,False
1-1-145_jpg.rf.951d7dc3f96afb0de4604dc40a4c17c7,0,1-1-145_jpg.rf.951d7dc3f96afb0de4604dc40a4c17c7#0,AOI,0.049827172076702606,True
1-1-145_jpg.rf.951d7dc3f96afb0de4604dc40a4c17c7,0,1-1-145_jpg.rf.951d7dc3f96afb0de4604dc40a4c17c7#0,BL2,0.04896106227533416,False
1-1-145_jpg.rf.951d7dc3f96afb0de4604dc40a4c17c7,0,1-1-145_jpg.rf.951d7dc3f96afb0de4604dc40a4c17c7#0,IS2,0.05913459531452978,False
1-1-145_jpg.rf.951d7dc3f96afb0de4604dc40a4c17c7,0,1-1-145_jpg.rf.951d7dc3f96afb0de4604dc40a4c17c7#0,IAC,0.01543487146622595,False
1-1-145_jpg.rf.951d7dc3f96afb0de4604dc40a4c17c7,0,1-1-145_jpg.rf.951d7dc3f96afb0de4604dc40a4c17c7#0,IS1,0.04412380116183367,False
1-1-145_jpg.rf.951d7dc3f96afb0de4604dc40a4c17c7,0,1-1-145_jpg.rf.951d7dc3f96afb0de4604dc40a4c17c7#0,BL1,0.13099298021315312,False
1-1-16_jpg.rf.97f3f5d3c510a3628c103ca2b28a79a4,0,1-1-16_jpg.rf.97f3f5d3c510a3628c103ca2b28a79a4#0,AOI,0.006985285452412329,False
1-1-16_jpg.rf.97f3f5d3c510a3628c103ca2b28a79a4,0,1-1-16_jpg.rf.97f3f5d3c510a3628c103ca2b28a79a4#0,BL2,0.20835828832966877,True
1-1-16_jpg.rf.97f3f5d3c510a3628c103ca2b28a79a4,0,1-1-16_jpg.rf.97f3f5d3c510a3628c103ca2b28a79a4#0,IS2,0.02486994304865818,False
1-1-16_jpg.rf.97f3f5d3c510a3628c103ca2b28a79a4,0,1-1-16_jpg.rf.97f3f5d3c510a3628c103ca2b28a79a4#0,IAC,0.021158969625382683,False
1-1-16_jpg.rf.97f3f5d3c510a3628c103ca2b28a79a4,0,1-1-16_jpg.rf.97f3f5d3c510a3628c103ca2b28a79a4#0,IS1,0.02129211140276145,False
1-1-16_jpg.rf.97f3f5d3c510a3628c103ca2b28a79a4,0,1-1-16_jpg.rf.97f3f5d3c510a3628c103ca2b28a79a4#0,BL1,0.0273215397833767,False
1-1-189_jpg.rf.178301411e3d75b96dfc507a559ae871,0,1-1-189_jpg.rf.178301411e3d75b96dfc507a559ae871#0,AOI,0.010834368118032137,False
1-1-189_jpg.rf.178301411e3d75b96dfc507a559ae871,0,1-1-189_jpg.rf.178301411e3d75b96dfc507a559ae871#0,BL2,0.017406869185209773,False
1-1-189_jpg.rf.178301411e3d75b96dfc507a559ae871,0,1-1-189_jpg.rf.178301411e3d75b96dfc507a559ae871#0,IS2,0.013737663121853967,False
1-1-189_jpg.rf.178301411e3d75b96dfc507a559ae871,0,1-1-189_jpg.rf.178301411e3d75b96dfc507a559ae871#0,IAC,0.030724264447041117,False
1-1-189_jpg.rf.178301411e3d75b96dfc507a559ae871,0,1-1-189_jpg.rf.178301411e3d75b96dfc507a559ae871#0,IS1,0.022561814977122265,False
1-1-189_jpg.rf.178301411e3d75b96dfc507a559ae871,0,1-1-189_jpg.rf.178301411e3d75b96dfc507a559ae871#0,BL1,0.03855663891383881,False
1-1-189_jpg.rf.178301411e3d75b96dfc507a559ae871,1,1-1-189_jpg.rf.178301411e3d75b96dfc507a559ae871#1,AOI,0.019751749022432086,False
1-1-189_jpg.rf.178301411e3d75b96dfc507a559ae871,1,1-1-189_jpg.rf.178301411e3d75b96dfc507a559ae871#1,BL2,0.022282999803833834,False
1-1-189_jpg.rf.178301411e3d75b96dfc507a559ae871,1,1-1-189_jpg.rf.178301411e3d75b96dfc507a559ae871#1,IS2,0.01343089434926131,False
1-1-189_jpg.rf.178301411e3d75b96dfc507a559ae871,1,1-1-189_jpg.rf.178301411e3d75b96dfc507a559ae871#1,IAC,0.004865985618637402,False
1-1-189_jpg.rf.178301411e3d75b96dfc507a559ae871,1,1-1-189_jpg.rf.178301411e3d75b96dfc507a559ae871#1,IS1,0.0020160517475447197,False
1-1-189_jpg.rf.178301411e3d75b96dfc507a559ae871,1,1-1-189_jpg.rf.178301411e3d75b96dfc507a559ae871#1,BL1,0.03258636619118641,False
1-1-19_jpg.rf.b1da52ef2375e4d3d93a98bdbaf3e893,0,1-1-19_jpg.rf.b1da52ef2375e4d3d93a98bdbaf3e893#0,AOI,0.01084353323832001,False
1-1-19_jpg.rf.b1da52ef2375e4d3d93a98bdbaf3e893,0,1-1-19_jpg.rf.b1da52ef2375e4d3d93a98bdbaf3e893#0,BL2,0.10038177714740662,False
1-1-19_jpg.rf.b1da52ef2375e4d3d93a98bdbaf3e893,0,1-1-19_jpg.rf.b1da52ef2375e4d3d93a98bdbaf3e893#0,IS2,0.003485691349994165,False
1-1-19_jpg.rf.b1da52ef2375e4d3d93a98bdbaf3e893,0,1-1-19_jpg.rf.b1da52ef2375e4d3d93a98bdbaf3e893#0,IAC,0.02473286538780433,False
1-1-19_jpg.rf.b1da52ef2375e4d3d93a98bdbaf3e893,0,1-1-19_jpg.rf.b1da52ef2375e4d3d93a98bdbaf3e893#0,IS1,0.012265900978013696,False
1-1-19_jpg.rf.b1da52ef2375e4d3d93a98bdbaf3e893,0,1-1-19_jpg.rf.b1da52ef2375e4d3d93a98bdbaf3e893#0,BL1,0.07983470852836465,False
1-1-19_jpg.rf.b1da52ef2375e4d3d93a98bdbaf3e893,1,1-1-19_jpg.rf.b1da52ef2375e4d3d93a98bdbaf3e893#1,AOI,0.01673470765235809,False
1-1-19_jpg.rf.b1da52ef2375e4d3d93a98bdbaf3e893,1,1-1-19_jpg.rf.b1da52ef2375e4d3d93a98bdbaf3e893#1,BL2,0.05903517827355826,False
1-1-19_jpg.rf.b1da52ef2375e4d3d93a98bdbaf3e893,1,1-1-19_jpg.rf.b1da52ef2375e4d3d93a98bdbaf3e893#1,IS2,0.0021958255495982287,False
1-1-19_jpg.rf.b1da52ef2375e4d3d93a98bdbaf3e893,1,1-1-19_jpg.rf.b1da52ef2375e4d3d93a98bdbaf3e893#1,IAC,0.011028133765724556,False
1-1-19_jpg.rf.b1da52ef2375e4d3d93a98bdbaf3e893,1,1-1-19_jpg.rf.b1da52ef2375e4d3d93a98bdbaf3e893#1,IS1,0.00447310193371427,False
1-1-19_jpg.rf.b1da52ef2375e4d3d93a98bdbaf3e893,1,1-1-19_jpg.rf.b1da52ef2375e4d3d93a98bdbaf3e893#1,BL1,0.040327161284505364,False
1-1-200_jpg.rf.c958d3e85b454d3a411ba628a0f69308,0,1-1-200_jpg.rf.c958d3e85b454d3a411ba628a0f69308#0,AOI,0.013277895258425184,False
1-1-200_jpg.rf.c958d3e85b454d3a411ba628a0f69308,0,1-1-200_jpg.rf.c958d3e85b454d3a411ba628a0f69308#0,BL2,0.11009032316001512,False
1-1-200_jpg.rf.c958d3e85b454d3a411ba628a0f69308,0,1-1-200_jpg.rf.c958d3e85b454d3a411ba628a0f69308#0,IS2,0.022497560851589875,False
1-1-200_jpg.rf.c958d3e85b454d3a411ba628a0f69308,0,1-1-200_jpg.rf.c958d3e85b454d3a411ba628a0f69308#0,IAC,0.035764075767449124,False
1-1-200_jpg.rf.c958d3e85b454d3a411ba628a0f69308,0,1-1-200_jpg.rf.c958d3e85b454d3a411ba628a0f69308#0,IS1,0.02771236612434979,False
1-1-200_jpg.rf.c958d3e85b454d3a411ba628a0f69308,0,1-1-200_jpg.rf.c958d3e85b454d3a411ba628a0f69308#0,BL1,0.31620823224961336,True
1-1-224_jpg.rf.d62ddd4113b13485c3871eede2a1f7a4,0,1-1-224_jpg.rf.d62ddd4113b13485c3871eede2a1f7a4#0,AOI,0.010401680588512163,False
1-1-224_jpg.rf.d62ddd4113b13485c3871eede2a1f7a4,0,1-1-224_jpg.rf.d62ddd4113b13485c3871eede2a1f7a4#0,BL2,0.018712343956334802,False
1-1-224_jpg.rf.d62ddd4113b13485c3871eede2a1f7a4,0,1-1-224_jpg.rf.d62ddd4113b13485c3871eede2a1f7a4#0,IS2,0.014545064039586263,False
1-1-224_jpg.rf.d62ddd4113b13485c3871eede2a1f7a4,0,1-1-224_jpg.rf.d62ddd4113b13485c3871eede2a1f7a4#0,IAC,0.01502808072827059,False
1-1-224_jpg.rf.d62ddd4113b13485c3871eede2a1f7a4,0,1-1-224_jpg.rf.d62ddd4113b13485c3871eede2a1f7a4#0,IS1,0.011825818630376529,False
1-1-224_jpg.rf.d62ddd4113b13485c3871eede2a1f7a4,0,1-1-224_jpg.rf.d62ddd4113b13485c3871eede2a1f7a4#0,BL1,0.021967638875883128,False
1-1-229_jpg.rf.71201b0b68091393b72f22d42913cfa1,0,1-1-229_jpg.rf.71201b0b68091393b72f22d42913cfa1#0,AOI,0.012336325884923461,False
1-1-229_jpg.rf.71201b0b68091393b72f22d42913cfa1,0,1-1-229_jpg.rf.71201b0b68091393b72f22d42913cfa1#0,BL2,0.04367210831095052,False
1-1-229_jpg.rf.71201b0b68091393b72f22d42913cfa1,0,1-1-229_jpg.rf.71201b0b68091393b72f22d42913cfa1#0,IS2,0.019588633928655383,False
1-1-229_jpg.rf.71201b0b68091393b72f22d42913cfa1,0,1-1-229_jpg.rf.71201b0b68091393b72f22d42913cfa1#0,IAC,0.014259488559370688,False
1-1-229_jpg.rf.71201b0b68091393b72f22d42913cfa1,0,1-1-229_jpg.rf.71201b0b68091393b72f22d42913cfa1#0,IS1,0.009724184211887294,False
1-1-229_jpg.rf.71201b0b68091393b72f22d42913cfa1,0,1-1-229_jpg.rf.71201b0b68091393b72f22d42913cfa1#0,BL1,0.031108917134075997,False
1-1-229_jpg.rf.71201b0b68091393b72f22d42913cfa1,1,1-1-229_jpg.rf.71201b0b68091393b72f22d42913cfa1#1,AOI,0.006244742792070783,False
1-1-229_jpg.rf.71201b0b68091393b72f22d42913cfa1,1,1-1-229_jpg.rf.71201b0b68091393b72f22d42913cfa1#1,BL2,0.03205814995960106,False
1-1-229_jpg.rf.71201b0b68091393b72f22d42913cfa1,1,1-1-229_jpg.rf.71201b0b68091393b72f22d42913cfa1#1,IS2,0.0071623840631758195,False
1-1-229_jpg.rf.71201b0b68091393b72f22d42913cfa1,1,1-1-229_jpg.rf.71201b0b68091393b72f22d42913cfa1#1,IAC,0.017290909469265446,False
1-1-229_jpg.rf.71201b0b68091393b72f22d42913cfa1,1,1-1-229_jpg.rf.71201b0b68091393b72f22d42913cfa1#1,IS1,0.013640957931783835,False
1-1-229_jpg.rf.71201b0b68091393b72f22d42913cfa1,1,1-1-229_jpg.rf.71201b0b68091393b72f22d42913cfa1#1,BL1,0.009419408279873745,False
1-1-241_jpg.rf.55898f7f75cda555545a6f9e79eae4a0,0,1-1-241_jpg.rf.55898f7f75cda555545a6f9e79eae4a0#0,AOI,0.028286879515444775,False
1-1-241_jpg.rf.55898f7f75cda555545a6f9e79eae4a0,0,1-1-241_jpg.rf.55898f7f75cda555545a6f9e79eae4a0#0,BL2,0.020977562395781198,False
1-1-241_jpg.rf.55898f7f75cda555545a6f9e79eae4a0,0,1-1-241_jpg.rf.55898f7f75cda555545a6f9e79eae4a0#0,IS2,0.02198528769022667,False
1-1-241_jpg.rf.55898f7f75cda555545a6f9e79eae4a0,0,1-1-241_jpg.rf.55898f7f75cda555545a6f9e79eae4a0#0,IAC,0.010183130606934576,False
1-1-241_jpg.rf.55898f7f75cda555545a6f9e79eae4a0,0,1-1-241_jpg.rf.55898f7f75cda555545a6f9e79eae4a0#0,IS1,0.018322512071027766,False
1-1-241_jpg.rf.55898f7f75cda555545a6f9e79eae4a0,0,1-1-241_jpg.rf.55898f7f75cda555545a6f9e79eae4a0#0,BL1,0.02477041751664221,False
1-1-249_jpg.rf.9b12eac37a00c4da9ca30ab7ca46060e,0,1-1-249_jpg.rf.9b12eac37a00c4da9ca30ab7ca46060e#0,AOI,0.01031147382444185,False
1-1-249_jpg.rf.9b12eac37a00c4da9ca30ab7ca46060e,0,1-1-249_jpg.rf.9b12eac37a00c4da9ca30ab7ca46060e#0,BL2,0.018275041569186416,False
1-1-249_jpg.rf.9b12eac37a00c4da9ca30ab7ca46060e,0,1-1-249_jpg.rf.9b12eac37a00c4da9ca30ab7ca46060e#0,IS2,0.018162936158049245,False
1-1-249_jpg.rf.9b12eac37a00c4da9ca30ab7ca46060e,0,1-1-249_jpg.rf.9b12eac37a00c4da9ca30ab7ca46060e#0,IAC,0.011713368294300282,False
1-1-249_jpg.rf.9b12eac37a00c4da9ca30ab7ca46060e,0,1-1-249_jpg.rf.9b12eac37a00c4da9ca30ab7ca46060e#0,IS1,0.015493662106177936,False
1-1-249_jpg.rf.9b12eac37a00c4da9ca30ab7ca46060e,0,1-1-249_jpg.rf.9b12eac37a00c4da9ca30ab7ca46060e#0,BL1,0.04338042566689121,False
1-1-249_jpg.rf.9b12eac37a00c4da9ca30ab7ca46060e,1,1-1-249_jpg.rf.9b12eac37a00c4da9ca30ab7ca46060e#1,AOI,0.014638017737323988,False
1-1-249_jpg.rf.9b12eac37a00c4da9ca30ab7ca46060e,1,1-1-249_jpg.rf.9b12eac37a00c4da9ca30ab7ca46060e#1,BL2,0.03707058241466753,False
1-1-249_jpg.rf.9b12eac37a00c4da9ca30ab7ca46060e,1,1-1-249_jpg.rf.9b12eac37a00c4da9ca30ab7ca46060e#1,IS2,0.012542249256353244,False
1-1-249_jpg.rf.9b12eac37a00c4da9ca30ab7ca46060e,1,1-1-249_jpg.rf.9b12eac37a00c4da9ca30ab7ca46060e#1,IAC,0.01239501298979909,False
1-1-249_jpg.rf.9b12eac37a00c4da9ca30ab7ca46060e,1,1-1-249_jpg.rf.9b12eac37a00c4da9ca30ab7ca46060e#1,IS1,0.00965470995848058,False
1-1-249_jpg.rf.9b12eac37a00c4da9ca30ab7ca46060e,1,1-1-249_jpg.rf.9b12eac37a00c4da9ca30ab7ca46060e#1,BL1,0.07134056738395542,False
1-1-260_jpg.rf.3a23e0c3fdd69dd3bf7026e263b48969,0,1-1-260_jpg.rf.3a23e0c3fdd69dd3bf7026e263b48969#0,AOI,0.00757135667960169,False
1-1-260_jpg.rf.3a23e0c3fdd69dd3bf7026e263b48969,0,1-1-260_jpg.rf.3a23e0c3fdd69dd3bf7026e263b48969#0,BL2,0.0025585632067605005,False
1-1-260_jpg.rf.3a23e0c3fdd69dd3bf7026e263b48969,0,1-1-260_jpg.rf.3a23e0c3fdd69dd3bf7026e263b48969#0,IS2,0.020288097988749997,False
1-1-260_jpg.rf.3a23e0c3fdd69dd3bf7026e263b48969,0,1-1-260_jpg.rf.3a23e0c3fdd69dd3bf7026e263b48969#0,IAC,0.021069700804020212,False
1-1-260_jpg.rf.3a23e0c3fdd69dd3bf7026e263b48969,0,1-1-260_jpg.rf.3a23e0c3fdd69dd3bf7026e263b48969#0,IS1,0.011879996140204638,False
1-1-260_jpg.rf.3a23e0c3fdd69dd3bf7026e263b48969,0,1-1-260_jpg.rf.3a23e0c3fdd69dd3bf7026e263b48969#0,BL1,0.03275780975230705,False
1-1-268_jpg.rf.ffeba97075fc1f6d709f69b8087637e7,0,1-1-268_jpg.rf.ffeba97075fc1f6d709f69b8087637e7#0,AOI,0.007635393689178865,False
1-1-268_jpg.rf.ffeba97075fc1f6d709f69b8087637e7,0,1-1-268_jpg.rf.ffeba97075fc1f6d709f69b8087637e7#0,BL2,0.042629778304126544,False
1-1-268_jpg.rf.ffeba97075fc1f6d709f69b8087637e7,0,1-1-268_jpg.rf.ffeba97075fc1f6d709f69b8087637e7#0,IS2,0.009625789096492554,False
1-1-268_jpg.rf.ffeba97075fc1f6d709f69b8087637e7,0,1-1-268_jpg.rf.ffeba97075fc1f6d709f69b8087637e7#0,IAC,0.018797043174857454,False
1-1-268_jpg.rf.ffeba97075fc1f6d709f69b8087637e7,0,1-1-268_jpg.rf.ffeba97075fc1f6d709f69b8087637e7#0,IS1,0.025351368697106195,False
1-1-268_jpg.rf.ffeba97075fc1f6d709f69b8087637e7,0,1-1-268_jpg.rf.ffeba97075fc1f6d709f69b8087637e7#0,BL1,0.09709240561319711,False
1-1-283_jpg.rf.7485c546ec7bd2295d6f9c33c79ab94f,0,1-1-283_jpg.rf.7485c546ec7bd2295d6f9c33c79ab94f#0,AOI,0.010099836376768152,False
1-1-283_jpg.rf.7485c546ec7bd2295d6f9c33c79ab94f,0,1-1-283_jpg.rf.7485c546ec7bd2295d6f9c33c79ab94f#0,BL2,0.022998579665397402,False
1-1-283_jpg.rf.7485c546ec7bd2295d6f9c33c79ab94f,0,1-1-283_jpg.rf.7485c546ec7bd2295d6f9c33c79ab94f#0,IS2,0.02009192400900761,False
1-1-283_jpg.rf.7485c546ec7bd2295d6f9c33c79ab94f,0,1-1-283_jpg.rf.7485c546ec7bd2295d6f9c33c79ab94f#0,IAC,0.018232464774097207,False
1-1-283_jpg.rf.7485c546ec7bd2295d6f9c33c79ab94f,0,1-1-283_jpg.rf.7485c546ec7bd2295d6f9c33c79ab94f#0,IS1,0.035035320401899016,False
1-1-283_jpg.rf.7485c546ec7bd2295d6f9c33c79ab94f,0,1-1-283_jpg.rf.7485c546ec7bd2295d6f9c33c79ab94f#0,BL1,0.018662922998702487,False
1-1-288_jpg.rf.963a5d33c5685df5ff8841f2c6cc52df,0,1-1-288_jpg.rf.963a5d33c5685df5ff8841f2c6cc52df#0,AOI,0.01983067883399295,False
1-1-288_jpg.rf.963a5d33c5685df5ff8841f2c6cc52df,0,1-1-288_jpg.rf.963a5d33c5685df5ff8841f2c6cc52df#0,BL2,0.04353912812222734,False
1-1-288_jpg.rf.963a5d33c5685df5ff8841f2c6cc52df,0,1-1-288_jpg.rf.963a5d33c5685df5ff8841f2c6cc52df#0,IS2,0.0064762445923262826,False
1-1-288_jpg.rf.963a5d33c5685df5ff8841f2c6cc52df,0,1-1-288_jpg.rf.963a5d33c5685df5ff8841f2c6cc52df#0,IAC,0.017228072941337564,False
1-1-288_jpg.rf.963a5d33c5685df5ff8841f2c6cc52df,0,1-1-288_jpg.rf.963a5d33c5685df5ff8841f2c6cc52df#0,IS1,0.021838611557418664,False
1-1-288_jpg.rf.963a5d33c5685df5ff8841f2c6cc52df,0,1-1-288_jpg.rf.963a5d33c5685df5ff8841f2c6cc52df#0,BL1,0.0329068513440618,False
1-1-296_jpg.rf.ce190fdb1b4a393ebab0b67e83e3324e,0,1-1-296_jpg.rf.ce190fdb1b4a393ebab0b67e83e3324e#0,AOI,0.02527367791679043,False
1-1-296_jpg.rf.ce190fdb1b4a393ebab0b67e83e3324e,0,1-1-296_jpg.rf.ce190fdb1b4a393ebab0b67e83e3324e#0,BL2,0.020080183899241863,False
1-1-296_jpg.rf.ce190fdb1b4a393ebab0b67e83e3324e,0,1-1-296_jpg.rf.ce190fdb1b4a393ebab0b67e83e3324e#0,IS2,0.008847776059353728,False
1-1-296_jpg.rf.ce190fdb1b4a393ebab0b67e83e3324e,0,1-1-296_jpg.rf.ce190fdb1b4a393ebab0b67e83e3324e#0,IAC,0.0031707868759950604,False
1-1-296_jpg.rf.ce190fdb1b4a393ebab0b67e83e3324e,0,1-1-296_jpg.rf.ce190fdb1b4a393ebab0b67e83e3324e#0,IS1,0.0037457787858953405,False
1-1-296_jpg.rf.ce190fdb1b4a393ebab0b67e83e3324e,0,1-1-296_jpg.rf.ce190fdb1b4a393ebab0b67e83e3324e#0,BL1,0.03600476937183089,False
1-1-296_jpg.rf.ce190fdb1b4a393ebab0b67e83e3324e,1,1-1-296_jpg.rf.ce190fdb1b4a393ebab0b67e83e3324e#1,AOI,0.018185962161885134,False
1-1-296_jpg.rf.ce190fdb1b4a393ebab0b67e83e3324e,1,1-1-296_jpg.rf.ce190fdb1b4a393ebab0b67e83e3324e#1,BL2,0.03664157860113043,False
1-1-296_jpg.rf.ce190fdb1b4a393ebab0b67e83e3324e,1,1-1-296_jpg.rf.ce190fdb1b4a393ebab0b67e83e3324e#1,IS2,0.018903422932466902,False
1-1-296_jpg.rf.ce190fdb1b4a393ebab0b67e83e3324e,1,1-1-296_jpg.rf.ce190fdb1b4a393ebab0b67e83e3324e#1,IAC,0.010456821237237518,False
1-1-296_jpg.rf.ce190fdb1b4a393ebab0b67e83e3324e,1,1-1-296_jpg.rf.ce190fdb1b4a393ebab0b67e83e3324e#1,IS1,0.012446406875111655,False
1-1-296_jpg.rf.ce190fdb1b4a393ebab0b67e83e3324e,1,1-1-296_jpg.rf.ce190fdb1b4a393ebab0b67e83e3324e#1,BL1,0.05675844878310704,False
1-1-2_jpg.rf.6a4d644c96cba77436d6f06331758b3b,0,1-1-2_jpg.rf.6a4d644c96cba77436d6f06331758b3b#0,AOI,0.06250603469703957,True
1-1-2_jpg.rf.6a4d644c96cba77436d6f06331758b3b,0,1-1-2_jpg.rf.6a4d644c96cba77436d6f06331758b3b#0,BL2,0.14583811245100656,False
1-1-2_jpg.rf.6a4d644c96cba77436d6f06331758b3b,0,1-1-2_jpg.rf.6a4d644c96cba77436d6f06331758b3b#0,IS2,0.02207696230393376,False
1-1-2_jpg.rf.6a4d644c96cba77436d6f06331758b3b,0,1-1-2_jpg.rf.6a4d644c96cba77436d6f06331758b3b#0,IAC,0.020254586700365947,False
1-1-2_jpg.rf.6a4d644c96cba77436d6f06331758b3b,0,1-1-2_jpg.rf.6a4d644c96cba77436d6f06331758b3b#0,IS1,0.009333366936523927,False
1-1-2_jpg.rf.6a4d644c96cba77436d6f06331758b3b,0,1-1-2_jpg.rf.6a4d644c96cba77436d6f06331758b3b#0,BL1,0.16455184483611113,True
1-1-32_jpg.rf.9414076b270f2b46a68890c2ccce6e97,0,1-1-32_jpg.rf.9414076b270f2b46a68890c2ccce6e97#0,AOI,0.00943465157150962,False
1-1-32_jpg.rf.9414076b270f2b46a68890c2ccce6e97,0,1-1-32_jpg.rf.9414076b270f2b46a68890c2ccce6e97#0,BL2,0.09135240472610034,False
1-1-32_jpg.rf.9414076b270f2b46a68890c2ccce6e97,0,1-1-32_jpg.rf.9414076b270f2b46a68890c2ccce6e97#0,IS2,0.01375890033800573,False
1-1-32_jpg.rf.9414076b270f2b46a68890c2ccce6e97,0,1-1-32_jpg.rf.9414076b270f2b46a68890c2ccce6e97#0,IAC,0.005278679382008335,False
1-1-32_jpg.rf.9414076b270f2b46a68890c2ccce6e97,0,1-1-32_jpg.rf.9414076b270f2b46a68890c2ccce6e97#0,IS1,0.06383310486387307,True
1-1-32_jpg.rf.9414076b270f2b46a68890c2ccce6e97,0,1-1-32_jpg.rf.9414076b270f2b46a68890c2ccce6e97#0,BL1,0.09592769346336824,False
1-1-37_jpg.rf.e9b574dfa79a5ae6221543cf792a6cff,0,1-1-37_jpg.rf.e9b574dfa79a5ae6221543cf792a6cff#0,AOI,0.00800909789805152,False
1-1-37_jpg.rf.e9b574dfa79a5ae6221543cf792a6cff,0,1-1-37_jpg.rf.e9b574dfa79a5ae6221543cf792a6cff#0,BL2,0.018158700345980175,False
1-1-37_jpg.rf.e9b574dfa79a5ae6221543cf792a6cff,0,1-1-37_jpg.rf.e9b574dfa79a5ae6221543cf792a6cff#0,IS2,0.023455545983034957,False
1-1-37_jpg.rf.e9b574dfa79a5ae6221543cf792a6cff,0,1-1-37_jpg.rf.e9b574dfa79a5ae6221543cf792a6cff#0,IAC,0.010617025346478515,False
1-1-37_jpg.rf.e9b574dfa79a5ae6221543cf792a6cff,0,1-1-37_jpg.rf.e9b574dfa79a5ae6221543cf792a6cff#0,IS1,0.03309101945349028,False
1-1-37_jpg.rf.e9b574dfa79a5ae6221543cf792a6cff,0,1-1-37_jpg.rf.e9b574dfa79a5ae6221543cf792a6cff#0,BL1,0.033424331357778975,False
1-1-41_jpg.rf.db53159c7083ee3b171aa93d1d8d2d17,0,1-1-41_jpg.rf.db53159c7083ee3b171aa93d1d8d2d17#0,AOI,0.019178426335761042,False
1-1-41_jpg.rf.db53159c7083ee3b171aa93d1d8d2d17,0,1-1-41_jpg.rf.db53159c7083ee3b171aa93d1d8d2d17#0,BL2,0.12421482582970207,False
1-1-41_jpg.rf.db53159c7083ee3b171aa93d1d8d2d17,0,1-1-41_jpg.rf.db53159c7083ee3b171aa93d1d8d2d17#0,IS2,0.016834419941582007,False
1-1-41_jpg.rf.db53159c7083ee3b171aa93d1d8d2d17,0,1-1-41_jpg.rf.db53159c7083ee3b171aa93d1d8d2d17#0,IAC,0.023239727060204152,False
1-1-41_jpg.rf.db53159c7083ee3b171aa93d1d8d2d17,0,1-1-41_jpg.rf.db53159c7083ee3b171aa93d1d8d2d17#0,IS1,0.02229257785066688,False
1-1-41_jpg.rf.db53159c7083ee3b171aa93d1d8d2d17,0,1-1-41_jpg.rf.db53159c7083ee3b171aa93d1d8d2d17#0,BL1,0.008330387874040314,False
1-1-51_jpg.rf.e86b199bd9377617267d3c0df4d4b6bf,0,1-1-51_jpg.rf.e86b199bd9377617267d3c0df4d4b6bf#0,AOI,0.010240594465418848,False
1-1-51_jpg.rf.e86b199bd9377617267d3c0df4d4b6bf,0,1-1-51_jpg.rf.e86b199bd9377617267d3c0df4d4b6bf#0,BL2,0.026921257895602277,False
1-1-51_jpg.rf.e86b199bd9377617267d3c0df4d4b6bf,0,1-1-51_jpg.rf.e86b199bd9377617267d3c0df4d4b6bf#0,IS2,0.020750334451988636,False
1-1-51_jpg.rf.e86b199bd9377617267d3c0df4d4b6bf,0,1-1-51_jpg.rf.e86b199bd9377617267d3c0df4d4b6bf#0,IAC,0.01617209326732654,False
1-1-51_jpg.rf.e86b199bd9377617267d3c0df4d4b6bf,0,1-1-51_jpg.rf.e86b199bd9377617267d3c0df4d4b6bf#0,IS1,0.023117311329082676,False
1-1-51_jpg.rf.e86b199bd9377617267d3c0df4d4b6bf,0,1-1-51_jpg.rf.e86b199bd9377617267d3c0df4d4b6bf#0,BL1,0.10027300945075915,False
1-1-52_jpg.rf.4fa6a412ad5ccf565ae00102ec26ce38,0,1-1-52_jpg.rf.4fa6a412ad5ccf565ae00102ec26ce38#0,AOI,0.007594486762052209,False
1-1-52_jpg.rf.4fa6a412ad5ccf565ae00102ec26ce38,0,1-1-52_jpg.rf.4fa6a412ad5ccf565ae00102ec26ce38#0,BL2,0.16144509502858287,False
1-1-52_jpg.rf.4fa6a412ad5ccf565ae00102ec26ce38,0,1-1-52_jpg.rf.4fa6a412ad5ccf565ae00102ec26ce38#0,IS2,0.011182259476941049,False
1-1-52_jpg.rf.4fa6a412ad5ccf565ae00102ec26ce38,0,1-1-52_jpg.rf.4fa6a412ad5ccf565ae00102ec26ce38#0,IAC,0.009694273163895933,False
1-1-52_jpg.rf.4fa6a412ad5ccf565ae00102ec26ce38,0,1-1-52_jpg.rf.4fa6a412ad5ccf565ae00102ec26ce38#0,IS1,0.004233839336563858,False
1-1-52_jpg.rf.4fa6a412ad5ccf565ae00102ec26ce38,0,1-1-52_jpg.rf.4fa6a412ad5ccf565ae00102ec26ce38#0,BL1,0.08362327395496925,False
1-1-53_jpg.rf.a1f9fa600d333f5e46f63e8a74e77268,0,1-1-53_jpg.rf.a1f9fa600d333f5e46f63e8a74e77268#0,AOI,0.025302568258620883,False
1-1-53_jpg.rf.a1f9fa600d333f5e46f63e8a74e77268,0,1-1-53_jpg.rf.a1f9fa600d333f5e46f63e8a74e77268#0,BL2,0.03766542416358977,False
1-1-53_jpg.rf.a1f9fa600d333f5e46f63e8a74e77268,0,1-1-53_jpg.rf.a1f9fa600d333f5e46f63e8a74e77268#0,IS2,0.04929322642348591,False
1-1-53_jpg.rf.a1f9fa600d333f5e46f63e8a74e77268,0,1-1-53_jpg.rf.a1f9fa600d333f5e46f63e8a74e77268#0,IAC,0.04338741190770193,False
1-1-53_jpg.rf.a1f9fa600d333f5e46f63e8a74e77268,0,1-1-53_jpg.rf.a1f9fa600d333f5e46f63e8a74e77268#0,IS1,0.040845035766382425,False
1-1-53_jpg.rf.a1f9fa600d333f5e46f63e8a74e77268,0,1-1-53_jpg.rf.a1f9fa600d333f5e46f63e8a74e77268#0,BL1,0.021306887764044255,False
1-1-53_jpg.rf.a1f9fa600d333f5e46f63e8a74e77268,1,1-1-53_jpg.rf.a1f9fa600d333f5e46f63e8a74e77268#1,AOI,0.01815946999478642,False
1-1-53_jpg.rf.a1f9fa600d333f5e46f63e8a74e77268,1,1-1-53_jpg.rf.a1f9fa600d333f5e46f63e8a74e77268#1,BL2,0.1508466922422201,False
1-1-53_jpg.rf.a1f9fa600d333f5e46f63e8a74e77268,1,1-1-53_jpg.rf.a1f9fa600d333f5e46f63e8a74e77268#1,IS2,0.015562623408194897,False
1-1-53_jpg.rf.a1f9fa600d333f5e46f63e8a74e77268,1,1-1-53_jpg.rf.a1f9fa600d333f5e46f63e8a74e77268#1,IAC,0.001878651383252214,False
1-1-53_jpg.rf.a1f9fa600d333f5e46f63e8a74e77268,1,1-1-53_jpg.rf.a1f9fa600d333f5e46f63e8a74e77268#1,IS1,0.0195532039937617,False
1-1-53_jpg.rf.a1f9fa600d333f5e46f63e8a74e77268,1,1-1-53_jpg.rf.a1f9fa600d333f5e46f63e8a74e77268#1,BL1,0.09930853891890569,False
1-1-67_jpg.rf.82057ced5d06e369f7619ed7e328bcf6,0,1-1-67_jpg.rf.82057ced5d06e369f7619ed7e328bcf6#0,AOI,0.012314025074897351,False
1-1-67_jpg.rf.82057ced5d06e369f7619ed7e328bcf6,0,1-1-67_jpg.rf.82057ced5d06e369f7619ed7e328bcf6#0,BL2,0.01636811818530788,False
1-1-67_jpg.rf.82057ced5d06e369f7619ed7e328bcf6,0,1-1-67_jpg.rf.82057ced5d06e369f7619ed7e328bcf6#0,IS2,0.07503587102762863,True
1-1-67_jpg.rf.82057ced5d06e369f7619ed7e328bcf6,0,1-1-67_jpg.rf.82057ced5d06e369f7619ed7e328bcf6#0,IAC,0.10845358280674074,True
1-1-67_jpg.rf.82057ced5d06e369f7619ed7e328bcf6,0,1-1-67_jpg.rf.82057ced5d06e369f7619ed7e328bcf6#0,IS1,0.10685270036920591,True
1-1-67_jpg.rf.82057ced5d06e369f7619ed7e328bcf6,0,1-1-67_jpg.rf.82057ced5d06e369f7619ed7e328bcf6#0,BL1,0.049053482835171185,False
1-1-67_jpg.rf.82057ced5d06e369f7619ed7e328bcf6,1,1-1-67_jpg.rf.82057ced5d06e369f7619ed7e328bcf6#1,AOI,0.007950112127486962,False
1-1-67_jpg.rf.82057ced5d06e369f7619ed7e328bcf6,1,1-1-67_jpg.rf.82057ced5d06e369f7619ed7e328bcf6#1,BL2,0.050546884779764885,False
1-1-67_jpg.rf.82057ced5d06e369f7619ed7e328bcf6,1,1-1-67_jpg.rf.82057ced5d06e369f7619ed7e328bcf6#1,IS2,0.017811283875188016,False
1-1-67_jpg.rf.82057ced5d06e369f7619ed7e328bcf6,1,1-1-67_jpg.rf.82057ced5d06e369f7619ed7e328bcf6#1,IAC,0.02628280258740881,False
1-1-67_jpg.rf.82057ced5d06e369f7619ed7e328bcf6,1,1-1-67_jpg.rf.82057ced5d06e369f7619ed7e328bcf6#1,IS1,0.03549599513648203,False
1-1-67_jpg.rf.82057ced5d06e369f7619ed7e328bcf6,1,1-1-67_jpg.rf.82057ced5d06e369f7619ed7e328bcf6#1,BL1,0.01732993741767607,False
1-1-69_jpg.rf.8f22e863c1d1c93963a04d9f321ab54d,0,1-1-69_jpg.rf.8f22e863c1d1c93963a04d9f321ab54d#0,AOI,0.0012860822712757152,False
1-1-69_jpg.rf.8f22e863c1d1c93963a04d9f321ab54d,0,1-1-69_jpg.rf.8f22e863c1d1c93963a04d9f321ab54d#0,BL2,0.26084344970943657,True
1-1-69_jpg.rf.8f22e863c1d1c93963a04d9f321ab54d,0,1-1-69_jpg.rf.8f22e863c1d1c93963a04d9f321ab54d#0,IS2,0.02170882263709065,False
1-1-69_jpg.rf.8f22e863c1d1c93963a04d9f321ab54d,0,1-1-69_jpg.rf.8f22e863c1d1c93963a04d9f321ab54d#0,IAC,0.014351139681467956,False
1-1-69_jpg.rf.8f22e863c1d1c93963a04d9f321ab54d,0,1-1-69_jpg.rf.8f22e863c1d1c93963a04d9f321ab54d#0,IS1,0.0034674868153908942,False
1-1-69_jpg.rf.8f22e863c1d1c93963a04d9f321ab54d,0,1-1-69_jpg.rf.8f22e863c1d1c93963a04d9f321ab54d#0,BL1,0.09663542771321423,False
1-1-72_jpg.rf.65661d99090c08804adc7cf95aa21c14,0,1-1-72_jpg.rf.65661d99090c08804adc7cf95aa21c14#0,AOI,0.033143368207604475,False
1-1-72_jpg.rf.65661d99090c08804adc7cf95aa21c14,0,1-1-72_jpg.rf.65661d99090c08804adc7cf95aa21c14#0,BL2,0.0359055584490644,False
1-1-72_jpg.rf.65661d99090c08804adc7cf95aa21c14,0,1-1-72_jpg.rf.65661d99090c08804adc7cf95aa21c14#0,IS2,0.03739557936473685,False
1-1-72_jpg.rf.65661d99090c08804adc7cf95aa21c14,0,1-1-72_jpg.rf.65661d99090c08804adc7cf95aa21c14#0,IAC,0.02147319897676799,False
1-1-72_jpg.rf.65661d99090c08804adc7cf95aa21c14,0,1-1-72_jpg.rf.65661d99090c08804adc7cf95aa21c14#0,IS1,0.020233081928286906,False
1-1-72_jpg.rf.65661d99090c08804adc7cf95aa21c14,0,1-1-72_jpg.rf.65661d99090c08804adc7cf95aa21c14#0,BL1,0.021878950644444378,False
1-1-73_jpg.rf.9e7cb924fada67d0ea54ddb48c516fbd,0,1-1-73_jpg.rf.9e7cb924fada67d0ea54ddb48c516fbd#0,AOI,0.005064416710591985,False
1-1-73_jpg.rf.9e7cb924fada67d0ea54ddb48c516fbd,0,1-1-73_jpg.rf.9e7cb924fada67d0ea54ddb48c516fbd#0,BL2,0.17764479494125163,True
1-1-73_jpg.rf.9e7cb924fada67d0ea54ddb48c516fbd,0,1-1-73_jpg.rf.9e7cb924fada67d0ea54ddb48c516fbd#0,IS2,0.011690552346194987,False
1-1-73_jpg.rf.9e7cb924fada67d0ea54ddb48c516fbd,0,1-1-73_jpg.rf.9e7cb924fada67d0ea54ddb48c516fbd#0,IAC,0.007131505066189849,False
1-1-73_jpg.rf.9e7cb924fada67d0ea54ddb48c516fbd,0,1-1-73_jpg.rf.9e7cb924fada67d0ea54ddb48c516fbd#0,IS1,0.007067016061776369,False
1-1-73_jpg.rf.9e7cb924fada67d0ea54ddb48c516fbd,0,1-1-73_jpg.rf.9e7cb924fada67d0ea54ddb48c516fbd#0,BL1,0.14273187963816603,False
1-1-81_jpg.rf.c017f05100dc8b53236a8343d8076cf1,0,1-1-81_jpg.rf.c017f05100dc8b53236a8343d8076cf1#0,AOI,0.011877230389554152,False
1-1-81_jpg.rf.c017f05100dc8b53236a8343d8076cf1,0,1-1-81_jpg.rf.c017f05100dc8b53236a8343d8076cf1#0,BL2,0.018255534697595173,False
1-1-81_jpg.rf.c017f05100dc8b53236a8343d8076cf1,0,1-1-81_jpg.rf.c017f05100dc8b53236a8343d8076cf1#0,IS2,0.00838611393306064,False
1-1-81_jpg.rf.c017f05100dc8b53236a8343d8076cf1,0,1-1-81_jpg.rf.c017f05100dc8b53236a8343d8076cf1#0,IAC,0.005981427066254539,False
1-1-81_jpg.rf.c017f05100dc8b53236a8343d8076cf1,0,1-1-81_jpg.rf.c017f05100dc8b53236a8343d8076cf1#0,IS1,0.010029292178544391,False
1-1-81_jpg.rf.c017f05100dc8b53236a8343d8076cf1,0,1-1-81_jpg.rf.c017f05100dc8b53236a8343d8076cf1#0,BL1,0.006497891183956734,False
1-1-98_jpg.rf.48a5b29ce36aac7f868f30e3edb51813,0,1-1-98_jpg.rf.48a5b29ce36aac7f868f30e3edb51813#0,AOI,0.055145207801116584,True
1-1-98_jpg.rf.48a5b29ce36aac7f868f30e3edb51813,0,1-1-98_jpg.rf.48a5b29ce36aac7f868f30e3edb51813#0,BL2,0.18548665311099133,True
1-1-98_jpg.rf.48a5b29ce36aac7f868f30e3edb51813,0,1-1-98_jpg.rf.48a5b29ce36aac7f868f30e3edb51813#0,IS2,0.02625075065167968,False
1-1-98_jpg.rf.48a5b29ce36aac7f868f30e3edb51813,0,1-1-98_jpg.rf.48a5b29ce36aac7f868f30e3edb51813#0,IAC,0.024188012797034777,False
1-1-98_jpg.rf.48a5b29ce36aac7f868f30e3edb51813,0,1-1-98_jpg.rf.48a5b29ce36aac7f868f30e3edb51813#0,IS1,0.03229830228946841,False
1-1-98_jpg.rf.48a5b29ce36aac7f868f30e3edb51813,0,1-1-98_jpg.rf.48a5b29ce36aac7f868f30e3edb51813#0,BL1,0.3199996026308243,True
11053-B-02_0_jpg.rf.225d1a87c5a6154e3fd211e9503ac2ba,0,11053-B-02_0_jpg.rf.225d1a87c5a6154e3fd211e9503ac2ba#0,AOI,0.008798572830828834,False
11053-B-02_0_jpg.rf.225d1a87c5a6154e3fd211e9503ac2ba,0,11053-B-02_0_jpg.rf.225d1a87c5a6154e3fd211e9503ac2ba#0,BL2,0.05844903970342349,False
11053-B-02_0_jpg.rf.225d1a87c5a6154e3fd211e9503ac2ba,0,11053-B-02_0_jpg.rf.225d1a87c5a6154e3fd211e9503ac2ba#0,IS2,0.006990142037616391,False
11053-B-02_0_jpg.rf.225d1a87c5a6154e3fd211e9503ac2ba,0,11053-B-02_0_jpg.rf.225d1a87c5a6154e3fd211e9503ac2ba#0,IAC,0.0010608666398488945,False
11053-B-02_0_jpg.rf.225d1a87c5a6154e3fd211e9503ac2ba,0,11053-B-02_0_jpg.rf.225d1a87c5a6154e3fd211e9503ac2ba#0,IS1,0.01461063105135513,False
11053-B-02_0_jpg.rf.225d1a87c5a6154e3fd211e9503ac2ba,0,11053-B-02_0_jpg.rf.225d1a87c5a6154e3fd211e9503ac2ba#0,BL1,0.03980701884142557,False
15459-B-01_0_jpg.rf.fbfab2000bda97069795ff68e3dbe0a3,0,15459-B-01_0_jpg.rf.fbfab2000bda97069795ff68e3dbe0a3#0,AOI,0.020555852656222773,False
15459-B-01_0_jpg.rf.fbfab2000bda97069795ff68e3dbe0a3,0,15459-B-01_0_jpg.rf.fbfab2000bda97069795ff68e3dbe0a3#0,BL2,0.019553588921734703,False
15459-B-01_0_jpg.rf.fbfab2000bda97069795ff68e3dbe0a3,0,15459-B-01_0_jpg.rf.fbfab2000bda97069795ff68e3dbe0a3#0,IS2,0.009515565379197066,False
15459-B-01_0_jpg.rf.fbfab2000bda97069795ff68e3dbe0a3,0,15459-B-01_0_jpg.rf.fbfab2000bda97069795ff68e3dbe0a3#0,IAC,0.009332495409422114,False
15459-B-01_0_jpg.rf.fbfab2000bda97069795ff68e3dbe0a3,0,15459-B-01_0_jpg.rf.fbfab2000bda97069795ff68e3dbe0a3#0,IS1,0.013453053899654998,False
15459-B-01_0_jpg.rf.fbfab2000bda97069795ff68e3dbe0a3,0,15459-B-01_0_jpg.rf.fbfab2000bda97069795ff68e3dbe0a3#0,BL1,0.021538875829561453,False
2-1-3_jpg.rf.600c3d0e8a0e8d03c9a9bda9ef0dadae,0,2-1-3_jpg.rf.600c3d0e8a0e8d03c9a9bda9ef0dadae#0,AOI,0.01702493815824602,False
2-1-3_jpg.rf.600c3d0e8a0e8d03c9a9bda9ef0dadae,0,2-1-3_jpg.rf.600c3d0e8a0e8d03c9a9bda9ef0dadae#0,BL2,0.06940787144969976,False
2-1-3_jpg.rf.600c3d0e8a0e8d03c9a9bda9ef0dadae,0,2-1-3_jpg.rf.600c3d0e8a0e8d03c9a9bda9ef0dadae#0,IS2,0.03935321679523168,False
2-1-3_jpg.rf.600c3d0e8a0e8d03c9a9bda9ef0dadae,0,2-1-3_jpg.rf.600c3d0e8a0e8d03c9a9bda9ef0dadae#0,IAC,0.01670218550254921,False
2-1-3_jpg.rf.600c3d0e8a0e8d03c9a9bda9ef0dadae,0,2-1-3_jpg.rf.600c3d0e8a0e8d03c9a9bda9ef0dadae#0,IS1,0.014710898264907056,False
2-1-3_jpg.rf.600c3d0e8a0e8d03c9a9bda9ef0dadae,0,2-1-3_jpg.rf.600c3d0e8a0e8d03c9a9bda9ef0dadae#0,BL1,0.061088899195855514,False
2-1-47_jpg.rf.cbc5206f1e30668471fc9277e8e50a61,0,2-1-47_jpg.rf.cbc5206f1e30668471fc9277e8e50a61#0,AOI,0.007916445805627965,False
2-1-47_jpg.rf.cbc5206f1e30668471fc9277e8e50a61,0,2-1-47_jpg.rf.cbc5206f1e30668471fc9277e8e50a61#0,BL2,0.0928003597191092,False
2-1-47_jpg.rf.cbc5206f1e30668471fc9277e8e50a61,0,2-1-47_jpg.rf.cbc5206f1e30668471fc9277e8e50a61#0,IS2,0.02384967019585927,False
2-1-47_jpg.rf.cbc5206f1e30668471fc9277e8e50a61,0,2-1-47_jpg.rf.cbc5206f1e30668471fc9277e8e50a61#0,IAC,0.01454943068844372,False
2-1-47_jpg.rf.cbc5206f1e30668471fc9277e8e50a61,0,2-1-47_jpg.rf.cbc5206f1e30668471fc9277e8e50a61#0,IS1,0.015742759921489036,False
2-1-47_jpg.rf.cbc5206f1e30668471fc9277e8e50a61,0,2-1-47_jpg.rf.cbc5206f1e30668471fc9277e8e50a61#0,BL1,0.04357641757430081,False
2-1-5_jpg.rf.252d8507e25e45ff9d501ec983a9b595,0,2-1-5_jpg.rf.252d8507e25e45ff9d501ec983a9b595#0,AOI,0.005875503098346168,False
2-1-5_jpg.rf.252d8507e25e45ff9d501ec983a9b595,0,2-1-5_jpg.rf.252d8507e25e45ff9d501ec983a9b595#0,BL2,0.030769248803814545,False
2-1-5_jpg.rf.252d8507e25e45ff9d501ec983a9b595,0,2-1-5_jpg.rf.252d8507e25e45ff9d501ec983a9b595#0,IS2,0.003357316435549553,False
2-1-5_jpg.rf.252d8507e25e45ff9d501ec983a9b595,0,2-1-5_jpg.rf.252d8507e25e45ff9d501ec983a9b595#0,IAC,0.003929654056525507,False
2-1-5_jpg.rf.252d8507e25e45ff9d501ec983a9b595,0,2-1-5_jpg.rf.252d8507e25e45ff9d501ec983a9b595#0,IS1,0.011896827637384123,False
2-1-5_jpg.rf.252d8507e25e45ff9d501ec983a9b595,0,2-1-5_jpg.rf.252d8507e25e45ff9d501ec983a9b595#0,BL1,0.012813305748302277,False
2-1-62_jpg.rf.cb5c0cc1e10dcd80fa1140fcb2944c8e,0,2-1-62_jpg.rf.cb5c0cc1e10dcd80fa1140fcb2944c8e#0,AOI,0.02043925650125493,False
2-1-62_jpg.rf.cb5c0cc1e10dcd80fa1140fcb2944c8e,0,2-1-62_jpg.rf.cb5c0cc1e10dcd80fa1140fcb2944c8e#0,BL2,0.10594702810451115,False
2-1-62_jpg.rf.cb5c0cc1e10dcd80fa1140fcb2944c8e,0,2-1-62_jpg.rf.cb5c0cc1e10dcd80fa1140fcb2944c8e#0,IS2,0.029300022230294317,False
2-1-62_jpg.rf.cb5c0cc1e10dcd80fa1140fcb2944c8e,0,2-1-62_jpg.rf.cb5c0cc1e10dcd80fa1140fcb2944c8e#0,IAC,0.014873259169277077,False
2-1-62_jpg.rf.cb5c0cc1e10dcd80fa1140fcb2944c8e,0,2-1-62_jpg.rf.cb5c0cc1e10dcd80fa1140fcb2944c8e#0,IS1,0.00109049793672097,False
2-1-62_jpg.rf.cb5c0cc1e10dcd80fa1140fcb2944c8e,0,2-1-62_jpg.rf.cb5c0cc1e10dcd80fa1140fcb2944c8e#0,BL1,0.1458162214284109,False
2-1-63_jpg.rf.5c93a08c867833beeb2383013ab66e65,0,2-1-63_jpg.rf.5c93a08c867833beeb2383013ab66e65#0,AOI,0.011013726119903484,False
2-1-63_jpg.rf.5c93a08c867833beeb2383013ab66e65,0,2-1-63_jpg.rf.5c93a08c867833beeb2383013ab66e65#0,BL2,0.03238802650707942,False
2-1-63_jpg.rf.5c93a08c867833beeb2383013ab66e65,0,2-1-63_jpg.rf.5c93a08c867833beeb2383013ab66e65#0,IS2,0.014136348940844277,False
2-1-63_jpg.rf.5c93a08c867833beeb2383013ab66e65,0,2-1-63_jpg.rf.5c93a08c867833beeb2383013ab66e65#0,IAC,0.012259463969910353,False
2-1-63_jpg.rf.5c93a08c867833beeb2383013ab66e65,0,2-1-63_jpg.rf.5c93a08c867833beeb2383013ab66e65#0,IS1,0.03179404614579507,False
2-1-63_jpg.rf.5c93a08c867833beeb2383013ab66e65,0,2-1-63_jpg.rf.5c93a08c867833beeb2383013ab66e65#0,BL1,0.017218822446101383,False
2-1-65_jpg.rf.7e8366b4605bf1d968e106ad77a38bef,0,2-1-65_jpg.rf.7e8366b4605bf1d968e106ad77a38bef#0,AOI,0.014851930157487321,False
2-1-65_jpg.rf.7e8366b4605bf1d968e106ad77a38bef,0,2-1-65_jpg.rf.7e8366b4605bf1d968e106ad77a38bef#0,BL2,0.024885502970816153,False
2-1-65_jpg.rf.7e8366b4605bf1d968e106ad77a38bef,0,2-1-65_jpg.rf.7e8366b4605bf1d968e106ad77a38bef#0,IS2,0.011582584116620885,False
2-1-65_jpg.rf.7e8366b4605bf1d968e106ad77a38bef,0,2-1-65_jpg.rf.7e8366b4605bf1d968e106ad77a38bef#0,IAC,0.016413167628631743,False
2-1-65_jpg.rf.7e8366b4605bf1d968e106ad77a38bef,0,2-1-65_jpg.rf.7e8366b4605bf1d968e106ad77a38bef#0,IS1,0.006666487393828183,False
2-1-65_jpg.rf.7e8366b4605bf1d968e106ad77a38bef,0,2-1-65_jpg.rf.7e8366b4605bf1d968e106ad77a38bef#0,BL1,0.026182464324711486,False
2-1-67_jpg.rf.f7242e97204b3f5fcb56564691d3c147,0,2-1-67_jpg.rf.f7242e97204b3f5fcb56564691d3c147#0,AOI,0.013618094636319918,False
2-1-67_jpg.rf.f7242e97204b3f5fcb56564691d3c147,0,2-1-67_jpg.rf.f7242e97204b3f5fcb56564691d3c147#0,BL2,0.10604084764355386,False
2-1-67_jpg.rf.f7242e97204b3f5fcb56564691d3c147,0,2-1-67_jpg.rf.f7242e97204b3f5fcb56564691d3c147#0,IS2,0.03440044087143593,False
2-1-67_jpg.rf.f7242e97204b3f5fcb56564691d3c147,0,2-1-67_jpg.rf.f7242e97204b3f5fcb56564691d3c147#0,IAC,0.01812623232049051,False
2-1-67_jpg.rf.f7242e97204b3f5fcb56564691d3c147,0,2-1-67_jpg.rf.f7242e97204b3f5fcb56564691d3c147#0,IS1,0.030459216231140594,False
2-1-67_jpg.rf.f7242e97204b3f5fcb56564691d3c147,0,2-1-67_jpg.rf.f7242e97204b3f5fcb56564691d3c147#0,BL1,0.013601209004549406,False
2-1-_jpg.rf.e7927f3070cffd724a65038c17c1848d,0,2-1-_jpg.rf.e7927f3070cffd724a65038c17c1848d#0,AOI,0.011380265537863036,False
2-1-_jpg.rf.e7927f3070cffd724a65038c17c1848d,0,2-1-_jpg.rf.e7927f3070cffd724a65038c17c1848d#0,BL2,0.04873898326782665,False
2-1-_jpg.rf.e7927f3070cffd724a65038c17c1848d,0,2-1-_jpg.rf.e7927f3070cffd724a65038c17c1848d#0,IS2,0.012715646710774884,False
2-1-_jpg.rf.e7927f3070cffd724a65038c17c1848d,0,2-1-_jpg.rf.e7927f3070cffd724a65038c17c1848d#0,IAC,0.0024998366717038853,False
2-1-_jpg.rf.e7927f3070cffd724a65038c17c1848d,0,2-1-_jpg.rf.e7927f3070cffd724a65038c17c1848d#0,IS1,0.009553017246400288,False
2-1-_jpg.rf.e7927f3070cffd724a65038c17c1848d,0,2-1-_jpg.rf.e7927f3070cffd724a65038c17c1848d#0,BL1,0.035976180138460906,False
3-2-85_jpg.rf.a0abf6f74d3b7ecebec16e701933484b,0,3-2-85_jpg.rf.a0abf6f74d3b7ecebec16e701933484b#0,AOI,0.018806610927138666,False
3-2-85_jpg.rf.a0abf6f74d3b7ecebec16e701933484b,0,3-2-85_jpg.rf.a0abf6f74d3b7ecebec16e701933484b#0,BL2,0.08620517855326618,False
3-2-85_jpg.rf.a0abf6f74d3b7ecebec16e701933484b,0,3-2-85_jpg.rf.a0abf6f74d3b7ecebec16e701933484b#0,IS2,0.07997382029144881,True
3-2-85_jpg.rf.a0abf6f74d3b7ecebec16e701933484b,0,3-2-85_jpg.rf.a0abf6f74d3b7ecebec16e701933484b#0,IAC,0.09686885967629609,True
3-2-85_jpg.rf.a0abf6f74d3b7ecebec16e701933484b,0,3-2-85_jpg.rf.a0abf6f74d3b7ecebec16e701933484b#0,IS1,0.06170913081038884,False
3-2-85_jpg.rf.a0abf6f74d3b7ecebec16e701933484b,0,3-2-85_jpg.rf.a0abf6f74d3b7ecebec16e701933484b#0,BL1,0.08553388220316857,False
3-2-86_jpg.rf.ee7a35eaecc04fe892e7b09ba9239351,0,3-2-86_jpg.rf.ee7a35eaecc04fe892e7b09ba9239351#0,AOI,0.02780954185216916,False
3-2-86_jpg.rf.ee7a35eaecc04fe892e7b09ba9239351,0,3-2-86_jpg.rf.ee7a35eaecc04fe892e7b09ba9239351#0,BL2,0.09534191973932474,False
3-2-86_jpg.rf.ee7a35eaecc04fe892e7b09ba9239351,0,3-2-86_jpg.rf.ee7a35eaecc04fe892e7b09ba9239351#0,IS2,0.058180240191270424,False
3-2-86_jpg.rf.ee7a35eaecc04fe892e7b09ba9239351,0,3-2-86_jpg.rf.ee7a35eaecc04fe892e7b09ba9239351#0,IAC,0.0330349923182444,False
3-2-86_jpg.rf.ee7a35eaecc04fe892e7b09ba9239351,0,3-2-86_jpg.rf.ee7a35eaecc04fe892e7b09ba9239351#0,IS1,0.04430930748671047,False
3-2-86_jpg.rf.ee7a35eaecc04fe892e7b09ba9239351,0,3-2-86_jpg.rf.ee7a35eaecc04fe892e7b09ba9239351#0,BL1,0.13863665468548927,False
3-2-86_jpg.rf.ee7a35eaecc04fe892e7b09ba9239351,1,3-2-86_jpg.rf.ee7a35eaecc04fe892e7b09ba9239351#1,AOI,0.016888474490850815,False
3-2-86_jpg.rf.ee7a35eaecc04fe892e7b09ba9239351,1,3-2-86_jpg.rf.ee7a35eaecc04fe892e7b09ba9239351#1,BL2,0.0155703104849943,False
3-2-86_jpg.rf.ee7a35eaecc04fe892e7b09ba9239351,1,3-2-86_jpg.rf.ee7a35eaecc04fe892e7b09ba9239351#1,IS2,0.027467724272799744,False
3-2-86_jpg.rf.ee7a35eaecc04fe892e7b09ba9239351,1,3-2-86_jpg.rf.ee7a35eaecc04fe892e7b09ba9239351#1,IAC,0.025134151118838773,False
3-2-86_jpg.rf.ee7a35eaecc04fe892e7b09ba9239351,1,3-2-86_jpg.rf.ee7a35eaecc04fe892e7b09ba9239351#1,IS1,0.02191189321085017,False
3-2-86_jpg.rf.ee7a35eaecc04fe892e7b09ba9239351,1,3-2-86_jpg.rf.ee7a35eaecc04fe892e7b09ba9239351#1,BL1,0.10814189943234186,False
3-2-91_jpg.rf.1dbee6dfcf90e5e4f4eaad576e51d072,0,3-2-91_jpg.rf.1dbee6dfcf90e5e4f4eaad576e51d072#0,AOI,0.03623022489900346,False
3-2-91_jpg.rf.1dbee6dfcf90e5e4f4eaad576e51d072,0,3-2-91_jpg.rf.1dbee6dfcf90e5e4f4eaad576e51d072#0,BL2,0.1673799140590259,False
3-2-91_jpg.rf.1dbee6dfcf90e5e4f4eaad576e51d072,0,3-2-91_jpg.rf.1dbee6dfcf90e5e4f4eaad576e51d072#0,IS2,0.0058756053273256075,False
3-2-91_jpg.rf.1dbee6dfcf90e5e4f4eaad576e51d072,0,3-2-91_jpg.rf.1dbee6dfcf90e5e4f4eaad576e51d072#0,IAC,0.01649710946680944,False
3-2-91_jpg.rf.1dbee6dfcf90e5e4f4eaad576e51d072,0,3-2-91_jpg.rf.1dbee6dfcf90e5e4f4eaad576e51d072#0,IS1,0.03033009593563559,False
3-2-91_jpg.rf.1dbee6dfcf90e5e4f4eaad576e51d072,0,3-2-91_jpg.rf.1dbee6dfcf90e5e4f4eaad576e51d072#0,BL1,0.10218679780988228,False
4-1-103_jpg.rf.272bd27d042ea087a20e2ce66f924ce4,0,4-1-103_jpg.rf.272bd27d042ea087a20e2ce66f924ce4#0,AOI,0.04483100627446268,True
4-1-103_jpg.rf.272bd27d042ea087a20e2ce66f924ce4,0,4-1-103_jpg.rf.272bd27d042ea087a20e2ce66f924ce4#0,BL2,0.07972665366054538,False
4-1-103_jpg.rf.272bd27d042ea087a20e2ce66f924ce4,0,4-1-103_jpg.rf.272bd27d042ea087a20e2ce66f924ce4#0,IS2,0.04773012494545928,False
4-1-103_jpg.rf.272bd27d042ea087a20e2ce66f924ce4,0,4-1-103_jpg.rf.272bd27d042ea087a20e2ce66f924ce4#0,IAC,0.05727288716453107,True
4-1-103_jpg.rf.272bd27d042ea087a20e2ce66f924ce4,0,4-1-103_jpg.rf.272bd27d042ea087a20e2ce66f924ce4#0,IS1,0.076583567376868,True
4-1-103_jpg.rf.272bd27d042ea087a20e2ce66f924ce4,0,4-1-103_jpg.rf.272bd27d042ea087a20e2ce66f924ce4#0,BL1,0.03185535316713614,False
4-1-108_jpg.rf.4482fffbd0f7474154373d8ef007411a,0,4-1-108_jpg.rf.4482fffbd0f7474154373d8ef007411a#0,AOI,0.03132066776162942,False
4-1-108_jpg.rf.4482fffbd0f7474154373d8ef007411a,0,4-1-108_jpg.rf.4482fffbd0f7474154373d8ef007411a#0,BL2,0.24631180701330205,True
4-1-108_jpg.rf.4482fffbd0f7474154373d8ef007411a,0,4-1-108_jpg.rf.4482fffbd0f7474154373d8ef007411a#0,IS2,0.010069273262234944,False
4-1-108_jpg.rf.4482fffbd0f7474154373d8ef007411a,0,4-1-108_jpg.rf.4482fffbd0f7474154373d8ef007411a#0,IAC,0.020471866572023895,False
4-1-108_jpg.rf.4482fffbd0f7474154373d8ef007411a,0,4-1-108_jpg.rf.4482fffbd0f7474154373d8ef007411a#0,IS1,0.027786986442903745,False
4-1-108_jpg.rf.4482fffbd0f7474154373d8ef007411a,0,4-1-108_jpg.rf.4482fffbd0f7474154373d8ef007411a#0,BL1,0.04721169934244072,False
4-1-143_jpg.rf.20ef2202ecb10552c11780789c735237,0,4-1-143_jpg.rf.20ef2202ecb10552c11780789c735237#0,AOI,0.01469215773500874,False
4-1-143_jpg.rf.20ef2202ecb10552c11780789c735237,0,4-1-143_jpg.rf.20ef2202ecb10552c11780789c735237#0,BL2,0.0709562031188666,False
4-1-143_jpg.rf.20ef2202ecb10552c11780789c735237,0,4-1-143_jpg.rf.20ef2202ecb10552c11780789c735237#0,IS2,0.04960026484741922,False
4-1-143_jpg.rf.20ef2202ecb10552c11780789c735237,0,4-1-143_jpg.rf.20ef2202ecb10552c11780789c735237#0,IAC,0.10287630568787746,True
4-1-143_jpg.rf.20ef2202ecb10552c11780789c735237,0,4-1-143_jpg.rf.20ef2202ecb10552c11780789c735237#0,IS1,0.1398038362992924,True
4-1-143_jpg.rf.20ef2202ecb10552c11780789c735237,0,4-1-143_jpg.rf.20ef2202ecb10552c11780789c735237#0,BL1,0.13362784977101794,False
4-1-164_jpg.rf.db3448d546f675d0f4911b3093bd50cd,0,4-1-164_jpg.rf.db3448d546f675d0f4911b3093bd50cd#0,AOI,0.03752542851397326,False
4-1-164_jpg.rf.db3448d546f675d0f4911b3093bd50cd,0,4-1-164_jpg.rf.db3448d546f675d0f4911b3093bd50cd#0,BL2,0.050512335992951865,False
4-1-164_jpg.rf.db3448d546f675d0f4911b3093bd50cd,0,4-1-164_jpg.rf.db3448d546f675d0f4911b3093bd50cd#0,IS2,0.019500352095808304,False
4-1-164_jpg.rf.db3448d546f675d0f4911b3093bd50cd,0,4-1-164_jpg.rf.db3448d546f675d0f4911b3093bd50cd#0,IAC,0.012723812006351176,False
4-1-164_jpg.rf.db3448d546f675d0f4911b3093bd50cd,0,4-1-164_jpg.rf.db3448d546f675d0f4911b3093bd50cd#0,IS1,0.008553878503986635,False
4-1-164_jpg.rf.db3448d546f675d0f4911b3093bd50cd,0,4-1-164_jpg.rf.db3448d546f675d0f4911b3093bd50cd#0,BL1,0.014489819484014956,False
4-1-164_jpg.rf.db3448d546f675d0f4911b3093bd50cd,1,4-1-164_jpg.rf.db3448d546f675d0f4911b3093bd50cd#1,AOI,0.014488766551330468,False
4-1-164_jpg.rf.db3448d546f675d0f4911b3093bd50cd,1,4-1-164_jpg.rf.db3448d546f675d0f4911b3093bd50cd#1,BL2,0.055278631549041286,False
4-1-164_jpg.rf.db3448d546f675d0f4911b3093bd50cd,1,4-1-164_jpg.rf.db3448d546f675d0f4911b3093bd50cd#1,IS2,0.02816549013701228,False
4-1-164_jpg.rf.db3448d546f675d0f4911b3093bd50cd,1,4-1-164_jpg.rf.db3448d546f675d0f4911b3093bd50cd#1,IAC,0.02687636931372611,False
4-1-164_jpg.rf.db3448d546f675d0f4911b3093bd50cd,1,4-1-164_jpg.rf.db3448d546f675d0f4911b3093bd50cd#1,IS1,0.01074194825835899,False
4-1-164_jpg.rf.db3448d546f675d0f4911b3093bd50cd,1,4-1-164_jpg.rf.db3448d546f675d0f4911b3093bd50cd#1,BL1,0.05672723685590226,False
4-1-170_jpg.rf.17b24472dc6f0d864b1064450f36f057,0,4-1-170_jpg.rf.17b24472dc6f0d864b1064450f36f057#0,AOI,0.011468622175527845,False
4-1-170_jpg.rf.17b24472dc6f0d864b1064450f36f057,0,4-1-170_jpg.rf.17b24472dc6f0d864b1064450f36f057#0,BL2,0.0014824505859035249,False
4-1-170_jpg.rf.17b24472dc6f0d864b1064450f36f057,0,4-1-170_jpg.rf.17b24472dc6f0d864b1064450f36f057#0,IS2,0.03793250786272843,False
4-1-170_jpg.rf.17b24472dc6f0d864b1064450f36f057,0,4-1-170_jpg.rf.17b24472dc6f0d864b1064450f36f057#0,IAC,0.054730410496388875,True
4-1-170_jpg.rf.17b24472dc6f0d864b1064450f36f057,0,4-1-170_jpg.rf.17b24472dc6f0d864b1064450f36f057#0,IS1,0.046984634040207966,False
4-1-170_jpg.rf.17b24472dc6f0d864b1064450f36f057,0,4-1-170_jpg.rf.17b24472dc6f0d864b1064450f36f057#0,BL1,0.015387807292033403,False
4-1-18_jpg.rf.4794a9f6a6ee80643dfb72c0ad04faf4,0,4-1-18_jpg.rf.4794a9f6a6ee80643dfb72c0ad04faf4#0,AOI,0.012758223798964805,False
4-1-18_jpg.rf.4794a9f6a6ee80643dfb72c0ad04faf4,0,4-1-18_jpg.rf.4794a9f6a6ee80643dfb72c0ad04faf4#0,BL2,0.012868946880151572,False
4-1-18_jpg.rf.4794a9f6a6ee80643dfb72c0ad04faf4,0,4-1-18_jpg.rf.4794a9f6a6ee80643dfb72c0ad04faf4#0,IS2,0.010130391887211898,False
4-1-18_jpg.rf.4794a9f6a6ee80643dfb72c0ad04faf4,0,4-1-18_jpg.rf.4794a9f6a6ee80643dfb72c0ad04faf4#0,IAC,0.007620812233201259,False
4-1-18_jpg.rf.4794a9f6a6ee80643dfb72c0ad04faf4,0,4-1-18_jpg.rf.4794a9f6a6ee80643dfb72c0ad04faf4#0,IS1,0.009485983174729073,False
4-1-18_jpg.rf.4794a9f6a6ee80643dfb72c0ad04faf4,0,4-1-18_jpg.rf.4794a9f6a6ee80643dfb72c0ad04faf4#0,BL1,0.021662978419170188,False
4-1-190_jpg.rf.462e9ac25c26eae6a3e5d3bd1eb33301,0,4-1-190_jpg.rf.462e9ac25c26eae6a3e5d3bd1eb33301#0,AOI,0.009070824664148252,False
4-1-190_jpg.rf.462e9ac25c26eae6a3e5d3bd1eb33301,0,4-1-190_jpg.rf.462e9ac25c26eae6a3e5d3bd1eb33301#0,BL2,0.12170538347430941,False
4-1-190_jpg.rf.462e9ac25c26eae6a3e5d3bd1eb33301,0,4-1-190_jpg.rf.462e9ac25c26eae6a3e5d3bd1eb33301#0,IS2,0.0208654432315327,False
4-1-190_jpg.rf.462e9ac25c26eae6a3e5d3bd1eb33301,0,4-1-190_jpg.rf.462e9ac25c26eae6a3e5d3bd1eb33301#0,IAC,0.01866912023793452,False
4-1-190_jpg.rf.462e9ac25c26eae6a3e5d3bd1eb33301,0,4-1-190_jpg.rf.462e9ac25c26eae6a3e5d3bd1eb33301#0,IS1,0.012195790960632603,False
4-1-190_jpg.rf.462e9ac25c26eae6a3e5d3bd1eb33301,0,4-1-190_jpg.rf.462e9ac25c26eae6a3e5d3bd1eb33301#0,BL1,0.17682802193117161,True
4-1-190_jpg.rf.462e9ac25c26eae6a3e5d3bd1eb33301,1,4-1-190_jpg.rf.462e9ac25c26eae6a3e5d3bd1eb33301#1,AOI,0.004762599775406183,False
4-1-190_jpg.rf.462e9ac25c26eae6a3e5d3bd1eb33301,1,4-1-190_jpg.rf.462e9ac25c26eae6a3e5d3bd1eb33301#1,BL2,0.026073860010402194,False
4-1-190_jpg.rf.462e9ac25c26eae6a3e5d3bd1eb33301,1,4-1-190_jpg.rf.462e9ac25c26eae6a3e5d3bd1eb33301#1,IS2,0.01915421091250134,False
4-1-190_jpg.rf.462e9ac25c26eae6a3e5d3bd1eb33301,1,4-1-190_jpg.rf.462e9ac25c26eae6a3e5d3bd1eb33301#1,IAC,0.003222691367045116,False
4-1-190_jpg.rf.462e9ac25c26eae6a3e5d3bd1eb33301,1,4-1-190_jpg.rf.462e9ac25c26eae6a3e5d3bd1eb33301#1,IS1,0.015348554560057893,False
4-1-190_jpg.rf.462e9ac25c26eae6a3e5d3bd1eb33301,1,4-1-190_jpg.rf.462e9ac25c26eae6a3e5d3bd1eb33301#1,BL1,0.044845140583921576,False
4-1-194_jpg.rf.e5c027f61ab31e4c10b394e5c1721ad0,0,4-1-194_jpg.rf.e5c027f61ab31e4c10b394e5c1721ad0#0,AOI,0.004110879081363485,False
4-1-194_jpg.rf.e5c027f61ab31e4c10b394e5c1721ad0,0,4-1-194_jpg.rf.e5c027f61ab31e4c10b394e5c1721ad0#0,BL2,0.009259125847073925,False
4-1-194_jpg.rf.e5c027f61ab31e4c10b394e5c1721ad0,0,4-1-194_jpg.rf.e5c027f61ab31e4c10b394e5c1721ad0#0,IS2,0.03635400033540171,False
4-1-194_jpg.rf.e5c027f61ab31e4c10b394e5c1721ad0,0,4-1-194_jpg.rf.e5c027f61ab31e4c10b394e5c1721ad0#0,IAC,0.009061681659478104,False
4-1-194_jpg.rf.e5c027f61ab31e4c10b394e5c1721ad0,0,4-1-194_jpg.rf.e5c027f61ab31e4c10b394e5c1721ad0#0,IS1,0.01477927229186132,False
4-1-194_jpg.rf.e5c027f61ab31e4c10b394e5c1721ad0,0,4-1-194_jpg.rf.e5c027f61ab31e4c10b394e5c1721ad0#0,BL1,0.047803382078446845,False
4-1-198_jpg.rf.08d176713106124cee7d0611f88fdbad,0,4-1-198_jpg.rf.08d176713106124cee7d0611f88fdbad#0,AOI,0.0073695636617459575,False
4-1-198_jpg.rf.08d176713106124cee7d0611f88fdbad,0,4-1-198_jpg.rf.08d176713106124cee7d0611f88fdbad#0,BL2,0.014704711959250924,False
4-1-198_jpg.rf.08d176713106124cee7d0611f88fdbad,0,4-1-198_jpg.rf.08d176713106124cee7d0611f88fdbad#0,IS2,0.007837655579672328,False
4-1-198_jpg.rf.08d176713106124cee7d0611f88fdbad,0,4-1-198_jpg.rf.08d176713106124cee7d0611f88fdbad#0,IAC,0.0177592336283251,False
4-1-198_jpg.rf.08d176713106124cee7d0611f88fdbad,0,4-1-198_jpg.rf.08d176713106124cee7d0611f88fdbad#0,IS1,0.02764046418994045,False
4-1-198_jpg.rf.08d176713106124cee7d0611f88fdbad,0,4-1-198_jpg.rf.08d176713106124cee7d0611f88fdbad#0,BL1,0.0039991398061629884,False
4-1-215_jpg.rf.93a9b26903af6980f3228d2ad4075588,0,4-1-215_jpg.rf.93a9b26903af6980f3228d2ad4075588#0,AOI,0.017105453863680422,False
4-1-215_jpg.rf.93a9b26903af6980f3228d2ad4075588,0,4-1-215_jpg.rf.93a9b26903af6980f3228d2ad4075588#0,BL2,0.02846569688766363,False
4-1-215_jpg.rf.93a9b26903af6980f3228d2ad4075588,0,4-1-215_jpg.rf.93a9b26903af6980f3228d2ad4075588#0,IS2,0.009568178070334646,False
4-1-215_jpg.rf.93a9b26903af6980f3228d2ad4075588,0,4-1-215_jpg.rf.93a9b26903af6980f3228d2ad4075588#0,IAC,0.004357747818015306,False
4-1-215_jpg.rf.93a9b26903af6980f3228d2ad4075588,0,4-1-215_jpg.rf.93a9b26903af6980f3228d2ad4075588#0,IS1,0.016105793532492287,False
4-1-215_jpg.rf.93a9b26903af6980f3228d2ad4075588,0,4-1-215_jpg.rf.93a9b26903af6980f3228d2ad4075588#0,BL1,0.029001935525706034,False
4-1-215_jpg.rf.93a9b26903af6980f3228d2ad4075588,1,4-1-215_jpg.rf.93a9b26903af6980f3228d2ad4075588#1,AOI,0.0062613051917745615,False
4-1-215_jpg.rf.93a9b26903af6980f3228d2ad4075588,1,4-1-215_jpg.rf.93a9b26903af6980f3228d2ad4075588#1,BL2,0.06855396042113275,False
4-1-215_jpg.rf.93a9b26903af6980f3228d2ad4075588,1,4-1-215_jpg.rf.93a9b26903af6980f3228d2ad4075588#1,IS2,0.015300511067125802,False
4-1-215_jpg.rf.93a9b26903af6980f3228d2ad4075588,1,4-1-215_jpg.rf.93a9b26903af6980f3228d2ad4075588#1,IAC,0.013357422832661973,False
4-1-215_jpg.rf.93a9b26903af6980f3228d2ad4075588,1,4-1-215_jpg.rf.93a9b26903af6980f3228d2ad4075588#1,IS1,0.011741220459498028,False
4-1-215_jpg.rf.93a9b26903af6980f3228d2ad4075588,1,4-1-215_jpg.rf.93a9b26903af6980f3228d2ad4075588#1,BL1,0.038942490089252824,False
4-1-65_jpg.rf.4cd9c4aa05a03bc48274ad476d924668,0,4-1-65_jpg.rf.4cd9c4aa05a03bc48274ad476d924668#0,AOI,0.01689037580807354,False
4-1-65_jpg.rf.4cd9c4aa05a03bc48274ad476d924668,0,4-1-65_jpg.rf.4cd9c4aa05a03bc48274ad476d924668#0,BL2,0.007826719271317707,False
4-1-65_jpg.rf.4cd9c4aa05a03bc48274ad476d924668,0,4-1-65_jpg.rf.4cd9c4aa05a03bc48274ad476d924668#0,IS2,0.013345893505257684,False
4-1-65_jpg.rf.4cd9c4aa05a03bc48274ad476d924668,0,4-1-65_jpg.rf.4cd9c4aa05a03bc48274ad476d924668#0,IAC,0.004810142213891368,False
4-1-65_jpg.rf.4cd9c4aa05a03bc48274ad476d924668,0,4-1-65_jpg.rf.4cd9c4aa05a03bc48274ad476d924668#0,IS1,0.017850647037518295,False
4-1-65_jpg.rf.4cd9c4aa05a03bc48274ad476d924668,0,4-1-65_jpg.rf.4cd9c4aa05a03bc48274ad476d924668#0,BL1,0.004300148121633285,False
4-1-68_jpg.rf.b2bc1824cd912b30e0094f41e71eeb73,0,4-1-68_jpg.rf.b2bc1824cd912b30e0094f41e71eeb73#0,AOI,0.02293577320654787,False
4-1-68_jpg.rf.b2bc1824cd912b30e0094f41e71eeb73,0,4-1-68_jpg.rf.b2bc1824cd912b30e0094f41e71eeb73#0,BL2,0.019184983524816596,False
4-1-68_jpg.rf.b2bc1824cd912b30e0094f41e71eeb73,0,4-1-68_jpg.rf.b2bc1824cd912b30e0094f41e71eeb73#0,IS2,0.028513058483867367,False
4-1-68_jpg.rf.b2bc1824cd912b30e0094f41e71eeb73,0,4-1-68_jpg.rf.b2bc1824cd912b30e0094f41e71eeb73#0,IAC,0.012432260195726175,False
4-1-68_jpg.rf.b2bc1824cd912b30e0094f41e71eeb73,0,4-1-68_jpg.rf.b2bc1824cd912b30e0094f41e71eeb73#0,IS1,0.006333101149807605,False
4-1-68_jpg.rf.b2bc1824cd912b30e0094f41e71eeb73,0,4-1-68_jpg.rf.b2bc1824cd912b30e0094f41e71eeb73#0,BL1,0.021873033775648514,False
4-1-76_jpg.rf.a3b31287e3da123efe49f670a796d7f1,0,4-1-76_jpg.rf.a3b31287e3da123efe49f670a796d7f1#0,AOI,0.006735865841942548,False
4-1-76_jpg.rf.a3b31287e3da123efe49f670a796d7f1,0,4-1-76_jpg.rf.a3b31287e3da123efe49f670a796d7f1#0,BL2,0.0402327808561699,False
4-1-76_jpg.rf.a3b31287e3da123efe49f670a796d7f1,0,4-1-76_jpg.rf.a3b31287e3da123efe49f670a796d7f1#0,IS2,0.012433198568796598,False
4-1-76_jpg.rf.a3b31287e3da123efe49f670a796d7f1,0,4-1-76_jpg.rf.a3b31287e3da123efe49f670a796d7f1#0,IAC,0.007304951522314628,False
4-1-76_jpg.rf.a3b31287e3da123efe49f670a796d7f1,0,4-1-76_jpg.rf.a3b31287e3da123efe49f670a796d7f1#0,IS1,0.0011082316962045852,False
4-1-76_jpg.rf.a3b31287e3da123efe49f670a796d7f1,0,4-1-76_jpg.rf.a3b31287e3da123efe49f670a796d7f1#0,BL1,0.03557451748360135,False
4-1-76_jpg.rf.a3b31287e3da123efe49f670a796d7f1,1,4-1-76_jpg.rf.a3b31287e3da123efe49f670a796d7f1#1,AOI,0.023417532246410338,False
4-1-76_jpg.rf.a3b31287e3da123efe49f670a796d7f1,1,4-1-76_jpg.rf.a3b31287e3da123efe49f670a796d7f1#1,BL2,0.1158599004496584,False
4-1-76_jpg.rf.a3b31287e3da123efe49f670a796d7f1,1,4-1-76_jpg.rf.a3b31287e3da123efe49f670a796d7f1#1,IS2,0.02646375178824922,False
4-1-76_jpg.rf.a3b31287e3da123efe49f670a796d7f1,1,4-1-76_jpg.rf.a3b31287e3da123efe49f670a796d7f1#1,IAC,0.02052829127822573,False
4-1-76_jpg.rf.a3b31287e3da123efe49f670a796d7f1,1,4-1-76_jpg.rf.a3b31287e3da123efe49f670a796d7f1#1,IS1,0.03332886215128683,False
4-1-76_jpg.rf.a3b31287e3da123efe49f670a796d7f1,1,4-1-76_jpg.rf.a3b31287e3da123efe49f670a796d7f1#1,BL1,0.03933291652912543,False
4-1-80_jpg.rf.701fdaddb9fc9142f3e9fc84d7e69dab,0,4-1-80_jpg.rf.701fdaddb9fc9142f3e9fc84d7e69dab#0,AOI,0.021747926046094934,False
4-1-80_jpg.rf.701fdaddb9fc9142f3e9fc84d7e69dab,0,4-1-80_jpg.rf.701fdaddb9fc9142f3e9fc84d7e69dab#0,BL2,0.012882694852605204,False
4-1-80_jpg.rf.701fdaddb9fc9142f3e9fc84d7e69dab,0,4-1-80_jpg.rf.701fdaddb9fc9142f3e9fc84d7e69dab#0,IS2,0.004361063600557503,False
4-1-80_jpg.rf.701fdaddb9fc9142f3e9fc84d7e69dab,0,4-1-80_jpg.rf.701fdaddb9fc9142f3e9fc84d7e69dab#0,IAC,0.017186517639847583,False
4-1-80_jpg.rf.701fdaddb9fc9142f3e9fc84d7e69dab,0,4-1-80_jpg.rf.701fdaddb9fc9142f3e9fc84d7e69dab#0,IS1,0.048768693910080915,False
4-1-80_jpg.rf.701fdaddb9fc9142f3e9fc84d7e69dab,0,4-1-80_jpg.rf.701fdaddb9fc9142f3e9fc84d7e69dab#0,BL1,0.02534547216749701,False
4-1-88_jpg.rf.7ce8063a1ae0b1e8ad6d2799c6f46f16,0,4-1-88_jpg.rf.7ce8063a1ae0b1e8ad6d2799c6f46f16#0,AOI,0.0057773194756261855,False
4-1-88_jpg.rf.7ce8063a1ae0b1e8ad6d2799c6f46f16,0,4-1-88_jpg.rf.7ce8063a1ae0b1e8ad6d2799c6f46f16#0,BL2,0.007110702676676728,False
4-1-88_jpg.rf.7ce8063a1ae0b1e8ad6d2799c6f46f16,0,4-1-88_jpg.rf.7ce8063a1ae0b1e8ad6d2799c6f46f16#0,IS2,0.016223945577698903,False
4-1-88_jpg.rf.7ce8063a1ae0b1e8ad6d2799c6f46f16,0,4-1-88_jpg.rf.7ce8063a1ae0b1e8ad6d2799c6f46f16#0,IAC,0.009786250302170812,False
4-1-88_jpg.rf.7ce8063a1ae0b1e8ad6d2799c6f46f16,0,4-1-88_jpg.rf.7ce8063a1ae0b1e8ad6d2799c6f46f16#0,IS1,0.007464701545983294,False
4-1-88_jpg.rf.7ce8063a1ae0b1e8ad6d2799c6f46f16,0,4-1-88_jpg.rf.7ce8063a1ae0b1e8ad6d2799c6f46f16#0,BL1,0.0728490067154045,False
4-2-168_jpg.rf.b3fd15d9c14084c34b6681b178016be5,0,4-2-168_jpg.rf.b3fd15d9c14084c34b6681b178016be5#0,AOI,0.011663199687919987,False
4-2-168_jpg.rf.b3fd15d9c14084c34b6681b178016be5,0,4-2-168_jpg.rf.b3fd15d9c14084c34b6681b178016be5#0,BL2,0.01955790245897079,False
4-2-168_jpg.rf.b3fd15d9c14084c34b6681b178016be5,0,4-2-168_jpg.rf.b3fd15d9c14084c34b6681b178016be5#0,IS2,0.017587299917253687,False
4-2-168_jpg.rf.b3fd15d9c14084c34b6681b178016be5,0,4-2-168_jpg.rf.b3fd15d9c14084c34b6681b178016be5#0,IAC,0.016257618010800095,False
4-2-168_jpg.rf.b3fd15d9c14084c34b6681b178016be5,0,4-2-168_jpg.rf.b3fd15d9c14084c34b6681b178016be5#0,IS1,0.014107398755345881,False
4-2-168_jpg.rf.b3fd15d9c14084c34b6681b178016be5,0,4-2-168_jpg.rf.b3fd15d9c14084c34b6681b178016be5#0,BL1,0.03915482789434166,False
4-2-168_jpg.rf.b3fd15d9c14084c34b6681b178016be5,1,4-2-168_jpg.rf.b3fd15d9c14084c34b6681b178016be5#1,AOI,0.003835606376713308,False
4-2-168_jpg.rf.b3fd15d9c14084c34b6681b178016be5,1,4-2-168_jpg.rf.b3fd15d9c14084c34b6681b178016be5#1,BL2,0.04595859698094757,False
4-2-168_jpg.rf.b3fd15d9c14084c34b6681b178016be5,1,4-2-168_jpg.rf.b3fd15d9c14084c34b6681b178016be5#1,IS2,0.037003819040672604,False
4-2-168_jpg.rf.b3fd15d9c14084c34b6681b178016be5,1,4-2-168_jpg.rf.b3fd15d9c14084c34b6681b178016be5#1,IAC,0.02714375230050239,False
4-2-168_jpg.rf.b3fd15d9c14084c34b6681b178016be5,1,4-2-168_jpg.rf.b3fd15d9c14084c34b6681b178016be5#1,IS1,0.0035330860289565225,False
4-2-168_jpg.rf.b3fd15d9c14084c34b6681b178016be5,1,4-2-168_jpg.rf.b3fd15d9c14084c34b6681b178016be5#1,BL1,0.07643877286329594,False
4-2-245_jpg.rf.85dbcd832129b6e2213c403959436f60,0,4-2-245_jpg.rf.85dbcd832129b6e2213c403959436f60#0,AOI,0.0266557399519737,False
4-2-245_jpg.rf.85dbcd832129b6e2213c403959436f60,0,4-2-245_jpg.rf.85dbcd832129b6e2213c403959436f60#0,BL2,0.029406250072752563,False
4-2-245_jpg.rf.85dbcd832129b6e2213c403959436f60,0,4-2-245_jpg.rf.85dbcd832129b6e2213c403959436f60#0,IS2,0.034614391904996156,False
4-2-245_jpg.rf.85dbcd832129b6e2213c403959436f60,0,4-2-245_jpg.rf.85dbcd832129b6e2213c403959436f60#0,IAC,0.044144637741323926,False
4-2-245_jpg.rf.85dbcd832129b6e2213c403959436f60,0,4-2-245_jpg.rf.85dbcd832129b6e2213c403959436f60#0,IS1,0.03438839669564794,False
4-2-245_jpg.rf.85dbcd832129b6e2213c403959436f60,0,4-2-245_jpg.rf.85dbcd832129b6e2213c403959436f60#0,BL1,0.09729464264537765,False
4-2-258_jpg.rf.95cc895fdfcf9823576071e3b5f4da03,0,4-2-258_jpg.rf.95cc895fdfcf9823576071e3b5f4da03#0,AOI,0.009889493491526454,False
4-2-258_jpg.rf.95cc895fdfcf9823576071e3b5f4da03,0,4-2-258_jpg.rf.95cc895fdfcf9823576071e3b5f4da03#0,BL2,0.05332355028968225,False
4-2-258_jpg.rf.95cc895fdfcf9823576071e3b5f4da03,0,4-2-258_jpg.rf.95cc895fdfcf9823576071e3b5f4da03#0,IS2,0.018913369237202986,False
4-2-258_jpg.rf.95cc895fdfcf9823576071e3b5f4da03,0,4-2-258_jpg.rf.95cc895fdfcf9823576071e3b5f4da03#0,IAC,0.023397324234306287,False
4-2-258_jpg.rf.95cc895fdfcf9823576071e3b5f4da03,0,4-2-258_jpg.rf.95cc895fdfcf9823576071e3b5f4da03#0,IS1,0.012096916809614732,False
4-2-258_jpg.rf.95cc895fdfcf9823576071e3b5f4da03,0,4-2-258_jpg.rf.95cc895fdfcf9823576071e3b5f4da03#0,BL1,0.11007803595049791,False
4-2-258_jpg.rf.95cc895fdfcf9823576071e3b5f4da03,1,4-2-258_jpg.rf.95cc895fdfcf9823576071e3b5f4da03#1,AOI,0.026055388548918625,False
4-2-258_jpg.rf.95cc895fdfcf9823576071e3b5f4da03,1,4-2-258_jpg.rf.95cc895fdfcf9823576071e3b5f4da03#1,BL2,0.04235185709950365,False
4-2-258_jpg.rf.95cc895fdfcf9823576071e3b5f4da03,1,4-2-258_jpg.rf.95cc895fdfcf9823576071e3b5f4da03#1,IS2,0.012025976734586321,False
4-2-258_jpg.rf.95cc895fdfcf9823576071e3b5f4da03,1,4-2-258_jpg.rf.95cc895fdfcf9823576071e3b5f4da03#1,IAC,0.01348583913020808,False
4-2-258_jpg.rf.95cc895fdfcf9823576071e3b5f4da03,1,4-2-258_jpg.rf.95cc895fdfcf9823576071e3b5f4da03#1,IS1,0.01175669208939303,False
4-2-258_jpg.rf.95cc895fdfcf9823576071e3b5f4da03,1,4-2-258_jpg.rf.95cc895fdfcf9823576071e3b5f4da03#1,BL1,0.061984533748625815,False
4-2-334_jpg.rf.52a31b4371dffbdcb45d971adda932f1,0,4-2-334_jpg.rf.52a31b4371dffbdcb45d971adda932f1#0,AOI,0.026085362787616723,False
4-2-334_jpg.rf.52a31b4371dffbdcb45d971adda932f1,0,4-2-334_jpg.rf.52a31b4371dffbdcb45d971adda932f1#0,BL2,0.009369268588689752,False
4-2-334_jpg.rf.52a31b4371dffbdcb45d971adda932f1,0,4-2-334_jpg.rf.52a31b4371dffbdcb45d971adda932f1#0,IS2,0.013965353555007283,False
4-2-334_jpg.rf.52a31b4371dffbdcb45d971adda932f1,0,4-2-334_jpg.rf.52a31b4371dffbdcb45d971adda932f1#0,IAC,0.013620437147034176,False
4-2-334_jpg.rf.52a31b4371dffbdcb45d971adda932f1,0,4-2-334_jpg.rf.52a31b4371dffbdcb45d971adda932f1#0,IS1,0.010215556648443092,False
4-2-334_jpg.rf.52a31b4371dffbdcb45d971adda932f1,0,4-2-334_jpg.rf.52a31b4371dffbdcb45d971adda932f1#0,BL1,0.10089272947688596,False
4-2-353_jpg.rf.d67ece2d335275064193c12df9cf1b17,0,4-2-353_jpg.rf.d67ece2d335275064193c12df9cf1b17#0,AOI,0.006478263239843334,False
4-2-353_jpg.rf.d67ece2d335275064193c12df9cf1b17,0,4-2-353_jpg.rf.d67ece2d335275064193c12df9cf1b17#0,BL2,0.061695801959235415,False
4-2-353_jpg.rf.d67ece2d335275064193c12df9cf1b17,0,4-2-353_jpg.rf.d67ece2d335275064193c12df9cf1b17#0,IS2,0.028985940602972812,False
4-2-353_jpg.rf.d67ece2d335275064193c12df9cf1b17,0,4-2-353_jpg.rf.d67ece2d335275064193c12df9cf1b17#0,IAC,0.015208378441294341,False
4-2-353_jpg.rf.d67ece2d335275064193c12df9cf1b17,0,4-2-353_jpg.rf.d67ece2d335275064193c12df9cf1b17#0,IS1,0.007059588154173328,False
4-2-353_jpg.rf.d67ece2d335275064193c12df9cf1b17,0,4-2-353_jpg.rf.d67ece2d335275064193c12df9cf1b17#0,BL1,0.021155682728059618,False
4-2-420_jpg.rf.9b4675d47069a2854d55865bc2e671f6,0,4-2-420_jpg.rf.9b4675d47069a2854d55865bc2e671f6#0,AOI,0.012774368176027917,False
4-2-420_jpg.rf.9b4675d47069a2854d55865bc2e671f6,0,4-2-420_jpg.rf.9b4675d47069a2854d55865bc2e671f6#0,BL2,0.0606401807541248,False
4-2-420_jpg.rf.9b4675d47069a2854d55865bc2e671f6,0,4-2-420_jpg.rf.9b4675d47069a2854d55865bc2e671f6#0,IS2,0.012762406211089877,False
4-2-420_jpg.rf.9b4675d47069a2854d55865bc2e671f6,0,4-2-420_jpg.rf.9b4675d47069a2854d55865bc2e671f6#0,IAC,0.007161906753972286,False
4-2-420_jpg.rf.9b4675d47069a2854d55865bc2e671f6,0,4-2-420_jpg.rf.9b4675d47069a2854d55865bc2e671f6#0,IS1,0.019468360238039262,False
4-2-420_jpg.rf.9b4675d47069a2854d55865bc2e671f6,0,4-2-420_jpg.rf.9b4675d47069a2854d55865bc2e671f6#0,BL1,0.011837937815745426,False
4-2-484_jpg.rf.ad066f93f9419de22020841ece2e60a9,0,4-2-484_jpg.rf.ad066f93f9419de22020841ece2e60a9#0,AOI,0.012254871268520375,False
4-2-484_jpg.rf.ad066f93f9419de22020841ece2e60a9,0,4-2-484_jpg.rf.ad066f93f9419de22020841ece2e60a9#0,BL2,0.02813177780343765,False
4-2-484_jpg.rf.ad066f93f9419de22020841ece2e60a9,0,4-2-484_jpg.rf.ad066f93f9419de22020841ece2e60a9#0,IS2,0.010516440698289508,False
4-2-484_jpg.rf.ad066f93f9419de22020841ece2e60a9,0,4-2-484_jpg.rf.ad066f93f9419de22020841ece2e60a9#0,IAC,0.003116479151853729,False
4-2-484_jpg.rf.ad066f93f9419de22020841ece2e60a9,0,4-2-484_jpg.rf.ad066f93f9419de22020841ece2e60a9#0,IS1,0.02214321197100605,False
4-2-484_jpg.rf.ad066f93f9419de22020841ece2e60a9,0,4-2-484_jpg.rf.ad066f93f9419de22020841ece2e60a9#0,BL1,0.014531598185173106,False
4-2-503_jpg.rf.ebcaf8de8258b444d3d9e5d7b357c203,0,4-2-503_jpg.rf.ebcaf8de8258b444d3d9e5d7b357c203#0,AOI,0.006754974187119325,False
4-2-503_jpg.rf.ebcaf8de8258b444d3d9e5d7b357c203,0,4-2-503_jpg.rf.ebcaf8de8258b444d3d9e5d7b357c203#0,BL2,0.03683858629583201,False
4-2-503_jpg.rf.ebcaf8de8258b444d3d9e5d7b357c203,0,4-2-503_jpg.rf.ebcaf8de8258b444d3d9e5d7b357c203#0,IS2,0.11836693773105614,True
4-2-503_jpg.rf.ebcaf8de8258b444d3d9e5d7b357c203,0,4-2-503_jpg.rf.ebcaf8de8258b444d3d9e5d7b357c203#0,IAC,0.14306488076800328,True
4-2-503_jpg.rf.ebcaf8de8258b444d3d9e5d7b357c203,0,4-2-503_jpg.rf.ebcaf8de8258b444d3d9e5d7b357c203#0,IS1,0.1391966233030115,True
4-2-503_jpg.rf.ebcaf8de8258b444d3d9e5d7b357c203,0,4-2-503_jpg.rf.ebcaf8de8258b444d3d9e5d7b357c203#0,BL1,0.05510108428674634,False
4-2-503_jpg.rf.ebcaf8de8258b444d3d9e5d7b357c203,1,4-2-503_jpg.rf.ebcaf8de8258b444d3d9e5d7b357c203#1,AOI,1.9607087472807583,True
4-2-503_jpg.rf.ebcaf8de8258b444d3d9e5d7b357c203,1,4-2-503_jpg.rf.ebcaf8de8258b444d3d9e5d7b357c203#1,BL2,0.017936149366114512,False
4-2-503_jpg.rf.ebcaf8de8258b444d3d9e5d7b357c203,1,4-2-503_jpg.rf.ebcaf8de8258b444d3d9e5d7b357c203#1,IS2,0.02862054432793399,False
4-2-503_jpg.rf.ebcaf8de8258b444d3d9e5d7b357c203,1,4-2-503_jpg.rf.ebcaf8de8258b444d3d9e5d7b357c203#1,IAC,0.013233433459227312,False
4-2-503_jpg.rf.ebcaf8de8258b444d3d9e5d7b357c203,1,4-2-503_jpg.rf.ebcaf8de8258b444d3d9e5d7b357c203#1,IS1,0.0516008885851503,False
4-2-503_jpg.rf.ebcaf8de8258b444d3d9e5d7b357c203,1,4-2-503_jpg.rf.ebcaf8de8258b444d3d9e5d7b357c203#1,BL1,0.11890065419687218,False
4-2-512_jpg.rf.34464444a0f2f524e221424a144fcc57,0,4-2-512_jpg.rf.34464444a0f2f524e221424a144fcc57#0,AOI,0.021105350919991037,False
4-2-512_jpg.rf.34464444a0f2f524e221424a144fcc57,0,4-2-512_jpg.rf.34464444a0f2f524e221424a144fcc57#0,BL2,0.02763250738280438,False
4-2-512_jpg.rf.34464444a0f2f524e221424a144fcc57,0,4-2-512_jpg.rf.34464444a0f2f524e221424a144fcc57#0,IS2,0.015545923063543608,False
4-2-512_jpg.rf.34464444a0f2f524e221424a144fcc57,0,4-2-512_jpg.rf.34464444a0f2f524e221424a144fcc57#0,IAC,0.018192936390830437,False
4-2-512_jpg.rf.34464444a0f2f524e221424a144fcc57,0,4-2-512_jpg.rf.34464444a0f2f524e221424a144fcc57#0,IS1,0.015049606326791249,False
4-2-512_jpg.rf.34464444a0f2f524e221424a144fcc57,0,4-2-512_jpg.rf.34464444a0f2f524e221424a144fcc57#0,BL1,0.0051509604130875585,False
4-2-52_jpg.rf.0595dc6a73e75e06119ecda100809979,0,4-2-52_jpg.rf.0595dc6a73e75e06119ecda100809979#0,AOI,0.01932068566177278,False
4-2-52_jpg.rf.0595dc6a73e75e06119ecda100809979,0,4-2-52_jpg.rf.0595dc6a73e75e06119ecda100809979#0,BL2,0.07274037012384793,False
4-2-52_jpg.rf.0595dc6a73e75e06119ecda100809979,0,4-2-52_jpg.rf.0595dc6a73e75e06119ecda100809979#0,IS2,0.03763323846591744,False
4-2-52_jpg.rf.0595dc6a73e75e06119ecda100809979,0,4-2-52_jpg.rf.0595dc6a73e75e06119ecda100809979#0,IAC,0.004140956666803011,False
4-2-52_jpg.rf.0595dc6a73e75e06119ecda100809979,0,4-2-52_jpg.rf.0595dc6a73e75e06119ecda100809979#0,IS1,0.019428160992047788,False
4-2-52_jpg.rf.0595dc6a73e75e06119ecda100809979,0,4-2-52_jpg.rf.0595dc6a73e75e06119ecda100809979#0,BL1,0.00800270201224718,False
4-2-621_jpg.rf.6bcfc3d87d2969efe9602fa6fb2585b9,0,4-2-621_jpg.rf.6bcfc3d87d2969efe9602fa6fb2585b9#0,AOI,0.018911654858900263,False
4-2-621_jpg.rf.6bcfc3d87d2969efe9602fa6fb2585b9,0,4-2-621_jpg.rf.6bcfc3d87d2969efe9602fa6fb2585b9#0,BL2,0.010381619279344709,False
4-2-621_jpg.rf.6bcfc3d87d2969efe9602fa6fb2585b9,0,4-2-621_jpg.rf.6bcfc3d87d2969efe9602fa6fb2585b9#0,IS2,0.034235551378404505,False
4-2-621_jpg.rf.6bcfc3d87d2969efe9602fa6fb2585b9,0,4-2-621_jpg.rf.6bcfc3d87d2969efe9602fa6fb2585b9#0,IAC,0.06498643352237424,True
4-2-621_jpg.rf.6bcfc3d87d2969efe9602fa6fb2585b9,0,4-2-621_jpg.rf.6bcfc3d87d2969efe9602fa6fb2585b9#0,IS1,0.07755026609457798,True
4-2-621_jpg.rf.6bcfc3d87d2969efe9602fa6fb2585b9,0,4-2-621_jpg.rf.6bcfc3d87d2969efe9602fa6fb2585b9#0,BL1,0.06058072694840301,False
4-2-680_jpg.rf.82d48eb1b69cfbe8943c261c565856ed,0,4-2-680_jpg.rf.82d48eb1b69cfbe8943c261c565856ed#0,AOI,0.021934080669000024,False
4-2-680_jpg.rf.82d48eb1b69cfbe8943c261c565856ed,0,4-2-680_jpg.rf.82d48eb1b69cfbe8943c261c565856ed#0,BL2,0.030372050724780893,False
4-2-680_jpg.rf.82d48eb1b69cfbe8943c261c565856ed,0,4-2-680_jpg.rf.82d48eb1b69cfbe8943c261c565856ed#0,IS2,0.02054468130958084,False
4-2-680_jpg.rf.82d48eb1b69cfbe8943c261c565856ed,0,4-2-680_jpg.rf.82d48eb1b69cfbe8943c261c565856ed#0,IAC,0.014329968206269977,False
4-2-680_jpg.rf.82d48eb1b69cfbe8943c261c565856ed,0,4-2-680_jpg.rf.82d48eb1b69cfbe8943c261c565856ed#0,IS1,0.002568623386623228,False
4-2-680_jpg.rf.82d48eb1b69cfbe8943c261c565856ed,0,4-2-680_jpg.rf.82d48eb1b69cfbe8943c261c565856ed#0,BL1,0.005393548658697996,False
4-2-680_jpg.rf.82d48eb1b69cfbe8943c261c565856ed,1,4-2-680_jpg.rf.82d48eb1b69cfbe8943c261c565856ed#1,AOI,0.0031568044970131464,False
4-2-680_jpg.rf.82d48eb1b69cfbe8943c261c565856ed,1,4-2-680_jpg.rf.82d48eb1b69cfbe8943c261c565856ed#1,BL2,0.05198509850710544,False
4-2-680_jpg.rf.82d48eb1b69cfbe8943c261c565856ed,1,4-2-680_jpg.rf.82d48eb1b69cfbe8943c261c565856ed#1,IS2,0.011674859041246877,False
4-2-680_jpg.rf.82d48eb1b69cfbe8943c261c565856ed,1,4-2-680_jpg.rf.82d48eb1b69cfbe8943c261c565856ed#1,IAC,0.0160701673981279,False
4-2-680_jpg.rf.82d48eb1b69cfbe8943c261c565856ed,1,4-2-680_jpg.rf.82d48eb1b69cfbe8943c261c565856ed#1,IS1,0.032650035318618244,False
4-2-680_jpg.rf.82d48eb1b69cfbe8943c261c565856ed,1,4-2-680_jpg.rf.82d48eb1b69cfbe8943c261c565856ed#1,BL1,0.07557738074262324,False
4-2-697_jpg.rf.e1209189c673ee2828545d9c81845e8d,0,4-2-697_jpg.rf.e1209189c673ee2828545d9c81845e8d#0,AOI,0.018330564172587868,False
4-2-697_jpg.rf.e1209189c673ee2828545d9c81845e8d,0,4-2-697_jpg.rf.e1209189c673ee2828545d9c81845e8d#0,BL2,0.08654799072644977,False
4-2-697_jpg.rf.e1209189c673ee2828545d9c81845e8d,0,4-2-697_jpg.rf.e1209189c673ee2828545d9c81845e8d#0,IS2,0.0342022784700011,False
4-2-697_jpg.rf.e1209189c673ee2828545d9c81845e8d,0,4-2-697_jpg.rf.e1209189c673ee2828545d9c81845e8d#0,IAC,0.020957602648281632,False
4-2-697_jpg.rf.e1209189c673ee2828545d9c81845e8d,0,4-2-697_jpg.rf.e1209189c673ee2828545d9c81845e8d#0,IS1,0.007615389421249342,False
4-2-697_jpg.rf.e1209189c673ee2828545d9c81845e8d,0,4-2-697_jpg.rf.e1209189c673ee2828545d9c81845e8d#0,BL1,0.03387315306702729,False
5-1-23_jpg.rf.87cde10fd60fd3020e0b832d00fd5f77,0,5-1-23_jpg.rf.87cde10fd60fd3020e0b832d00fd5f77#0,AOI,0.020680319934011235,False
5-1-23_jpg.rf.87cde10fd60fd3020e0b832d00fd5f77,0,5-1-23_jpg.rf.87cde10fd60fd3020e0b832d00fd5f77#0,BL2,0.05860743943430814,False
5-1-23_jpg.rf.87cde10fd60fd3020e0b832d00fd5f77,0,5-1-23_jpg.rf.87cde10fd60fd3020e0b832d00fd5f77#0,IS2,0.018876363303526652,False
5-1-23_jpg.rf.87cde10fd60fd3020e0b832d00fd5f77,0,5-1-23_jpg.rf.87cde10fd60fd3020e0b832d00fd5f77#0,IAC,0.014348305124545612,False
5-1-23_jpg.rf.87cde10fd60fd3020e0b832d00fd5f77,0,5-1-23_jpg.rf.87cde10fd60fd3020e0b832d00fd5f77#0,IS1,0.022027752712158056,False
5-1-23_jpg.rf.87cde10fd60fd3020e0b832d00fd5f77,0,5-1-23_jpg.rf.87cde10fd60fd3020e0b832d00fd5f77#0,BL1,0.030850824570240663,False
5-1-23_jpg.rf.87cde10fd60fd3020e0b832d00fd5f77,1,5-1-23_jpg.rf.87cde10fd60fd3020e0b832d00fd5f77#1,AOI,0.0046947109018664855,False
5-1-23_jpg.rf.87cde10fd60fd3020e0b832d00fd5f77,1,5-1-23_jpg.rf.87cde10fd60fd3020e0b832d00fd5f77#1,BL2,0.04753275346749928,False
5-1-23_jpg.rf.87cde10fd60fd3020e0b832d00fd5f77,1,5-1-23_jpg.rf.87cde10fd60fd3020e0b832d00fd5f77#1,IS2,0.08404306706513055,True
5-1-23_jpg.rf.87cde10fd60fd3020e0b832d00fd5f77,1,5-1-23_jpg.rf.87cde10fd60fd3020e0b832d00fd5f77#1,IAC,0.10630392748408968,True
5-1-23_jpg.rf.87cde10fd60fd3020e0b832d00fd5f77,1,5-1-23_jpg.rf.87cde10fd60fd3020e0b832d00fd5f77#1,IS1,0.07731931358590846,True
5-1-23_jpg.rf.87cde10fd60fd3020e0b832d00fd5f77,1,5-1-23_jpg.rf.87cde10fd60fd3020e0b832d00fd5f77#1,BL1,0.07560502673171804,False
5-1-34_jpg.rf.3b115b89f50eec6e691dda60b9444897,0,5-1-34_jpg.rf.3b115b89f50eec6e691dda60b9444897#0,AOI,0.013658235190530926,False
5-1-34_jpg.rf.3b115b89f50eec6e691dda60b9444897,0,5-1-34_jpg.rf.3b115b89f50eec6e691dda60b9444897#0,BL2,0.02159211032246223,False
5-1-34_jpg.rf.3b115b89f50eec6e691dda60b9444897,0,5-1-34_jpg.rf.3b115b89f50eec6e691dda60b9444897#0,IS2,0.026978479783853756,False
5-1-34_jpg.rf.3b115b89f50eec6e691dda60b9444897,0,5-1-34_jpg.rf.3b115b89f50eec6e691dda60b9444897#0,IAC,0.010086337209645881,False
5-1-34_jpg.rf.3b115b89f50eec6e691dda60b9444897,0,5-1-34_jpg.rf.3b115b89f50eec6e691dda60b9444897#0,IS1,0.026747997553847467,False
5-1-34_jpg.rf.3b115b89f50eec6e691dda60b9444897,0,5-1-34_jpg.rf.3b115b89f50eec6e691dda60b9444897#0,BL1,0.025537774832534926,False
5-1-34_jpg.rf.3b115b89f50eec6e691dda60b9444897,1,5-1-34_jpg.rf.3b115b89f50eec6e691dda60b9444897#1,AOI,0.027150511830875065,False
5-1-34_jpg.rf.3b115b89f50eec6e691dda60b9444897,1,5-1-34_jpg.rf.3b115b89f50eec6e691dda60b9444897#1,BL2,0.023726513307860762,False
5-1-34_jpg.rf.3b115b89f50eec6e691dda60b9444897,1,5-1-34_jpg.rf.3b115b89f50eec6e691dda60b9444897#1,IS2,0.014900752900972602,False
5-1-34_jpg.rf.3b115b89f50eec6e691dda60b9444897,1,5-1-34_jpg.rf.3b115b89f50eec6e691dda60b9444897#1,IAC,0.007265379650122047,False
5-1-34_jpg.rf.3b115b89f50eec6e691dda60b9444897,1,5-1-34_jpg.rf.3b115b89f50eec6e691dda60b9444897#1,IS1,0.01794282883719569,False
5-1-34_jpg.rf.3b115b89f50eec6e691dda60b9444897,1,5-1-34_jpg.rf.3b115b89f50eec6e691dda60b9444897#1,BL1,0.05928272045654858,False
5-1-48_jpg.rf.da026fbd3e08f9aacf31ba4c14d960bc,0,5-1-48_jpg.rf.da026fbd3e08f9aacf31ba4c14d960bc#0,AOI,0.01849388497114,False
5-1-48_jpg.rf.da026fbd3e08f9aacf31ba4c14d960bc,0,5-1-48_jpg.rf.da026fbd3e08f9aacf31ba4c14d960bc#0,BL2,0.1053410408049814,False
5-1-48_jpg.rf.da026fbd3e08f9aacf31ba4c14d960bc,0,5-1-48_jpg.rf.da026fbd3e08f9aacf31ba4c14d960bc#0,IS2,0.02786230608165875,False
5-1-48_jpg.rf.da026fbd3e08f9aacf31ba4c14d960bc,0,5-1-48_jpg.rf.da026fbd3e08f9aacf31ba4c14d960bc#0,IAC,0.026122459010712522,False
5-1-48_jpg.rf.da026fbd3e08f9aacf31ba4c14d960bc,0,5-1-48_jpg.rf.da026fbd3e08f9aacf31ba4c14d960bc#0,IS1,0.03783368740023976,False
5-1-48_jpg.rf.da026fbd3e08f9aacf31ba4c14d960bc,0,5-1-48_jpg.rf.da026fbd3e08f9aacf31ba4c14d960bc#0,BL1,0.0795387481480385,False
5-1-56_jpg.rf.98effce82f19f8ec4add4ffd017bd566,0,5-1-56_jpg.rf.98effce82f19f8ec4add4ffd017bd566#0,AOI,0.013590325055672902,False
5-1-56_jpg.rf.98effce82f19f8ec4add4ffd017bd566,0,5-1-56_jpg.rf.98effce82f19f8ec4add4ffd017bd566#0,BL2,0.02564681959584138,False
5-1-56_jpg.rf.98effce82f19f8ec4add4ffd017bd566,0,5-1-56_jpg.rf.98effce82f19f8ec4add4ffd017bd566#0,IS2,0.013391077120682821,False
5-1-56_jpg.rf.98effce82f19f8ec4add4ffd017bd566,0,5-1-56_jpg.rf.98effce82f19f8ec4add4ffd017bd566#0,IAC,0.0035145512040921766,False
5-1-56_jpg.rf.98effce82f19f8ec4add4ffd017bd566,0,5-1-56_jpg.rf.98effce82f19f8ec4add4ffd017bd566#0,IS1,0.031771596500882335,False
5-1-56_jpg.rf.98effce82f19f8ec4add4ffd017bd566,0,5-1-56_jpg.rf.98effce82f19f8ec4add4ffd017bd566#0,BL1,0.07144989280618275,False
5-1-66_jpg.rf.066bceb356d31dae9f89ceb02cd642cb,0,5-1-66_jpg.rf.066bceb356d31dae9f89ceb02cd642cb#0,AOI,0.0128698439566545,False
5-1-66_jpg.rf.066bceb356d31dae9f89ceb02cd642cb,0,5-1-66_jpg.rf.066bceb356d31dae9f89ceb02cd642cb#0,BL2,0.05747161022250461,False
5-1-66_jpg.rf.066bceb356d31dae9f89ceb02cd642cb,0,5-1-66_jpg.rf.066bceb356d31dae9f89ceb02cd642cb#0,IS2,0.018766986994289282,False
5-1-66_jpg.rf.066bceb356d31dae9f89ceb02cd642cb,0,5-1-66_jpg.rf.066bceb356d31dae9f89ceb02cd642cb#0,IAC,0.029796274560833027,False
5-1-66_jpg.rf.066bceb356d31dae9f89ceb02cd642cb,0,5-1-66_jpg.rf.066bceb356d31dae9f89ceb02cd642cb#0,IS1,0.022741282952849225,False
5-1-66_jpg.rf.066bceb356d31dae9f89ceb02cd642cb,0,5-1-66_jpg.rf.066bceb356d31dae9f89ceb02cd642cb#0,BL1,0.02819893091287723,False
5-2-106_jpg.rf.7520316c3da889765c091ec48962ce30,0,5-2-106_jpg.rf.7520316c3da889765c091ec48962ce30#0,AOI,0.007822412020954283,False
5-2-106_jpg.rf.7520316c3da889765c091ec48962ce30,0,5-2-106_jpg.rf.7520316c3da889765c091ec48962ce30#0,BL2,0.07676025517864854,False
5-2-106_jpg.rf.7520316c3da889765c091ec48962ce30,0,5-2-106_jpg.rf.7520316c3da889765c091ec48962ce30#0,IS2,0.003585125917301665,False
5-2-106_jpg.rf.7520316c3da889765c091ec48962ce30,0,5-2-106_jpg.rf.7520316c3da889765c091ec48962ce30#0,IAC,0.013750888413413957,False
5-2-106_jpg.rf.7520316c3da889765c091ec48962ce30,0,5-2-106_jpg.rf.7520316c3da889765c091ec48962ce30#0,IS1,0.01028390333843558,False
5-2-106_jpg.rf.7520316c3da889765c091ec48962ce30,0,5-2-106_jpg.rf.7520316c3da889765c091ec48962ce30#0,BL1,0.009569628554678817,False
5-2-120_jpg.rf.d06365fdf3c9f3c14026545f0b14bd5d,0,5-2-120_jpg.rf.d06365fdf3c9f3c14026545f0b14bd5d#0,AOI,0.005036826234976099,False
5-2-120_jpg.rf.d06365fdf3c9f3c14026545f0b14bd5d,0,5-2-120_jpg.rf.d06365fdf3c9f3c14026545f0b14bd5d#0,BL2,0.07885481951082851,False
5-2-120_jpg.rf.d06365fdf3c9f3c14026545f0b14bd5d,0,5-2-120_jpg.rf.d06365fdf3c9f3c14026545f0b14bd5d#0,IS2,0.021930895319233614,False
5-2-120_jpg.rf.d06365fdf3c9f3c14026545f0b14bd5d,0,5-2-120_jpg.rf.d06365fdf3c9f3c14026545f0b14bd5d#0,IAC,0.01111801213961887,False
5-2-120_jpg.rf.d06365fdf3c9f3c14026545f0b14bd5d,0,5-2-120_jpg.rf.d06365fdf3c9f3c14026545f0b14bd5d#0,IS1,0.014340943528498335,False
5-2-120_jpg.rf.d06365fdf3c9f3c14026545f0b14bd5d,0,5-2-120_jpg.rf.d06365fdf3c9f3c14026545f0b14bd5d#0,BL1,0.03112981608104643,False
5-2-230_jpg.rf.8c8ebff0e0473e1e78995610bf3d0b0d,0,5-2-230_jpg.rf.8c8ebff0e0473e1e78995610bf3d0b0d#0,AOI,0.042885565985273294,True
5-2-230_jpg.rf.8c8ebff0e0473e1e78995610bf3d0b0d,0,5-2-230_jpg.rf.8c8ebff0e0473e1e78995610bf3d0b0d#0,BL2,0.11486180574673704,False
5-2-230_jpg.rf.8c8ebff0e0473e1e78995610bf3d0b0d,0,5-2-230_jpg.rf.8c8ebff0e0473e1e78995610bf3d0b0d#0,IS2,0.05560312385027915,False
5-2-230_jpg.rf.8c8ebff0e0473e1e78995610bf3d0b0d,0,5-2-230_jpg.rf.8c8ebff0e0473e1e78995610bf3d0b0d#0,IAC,0.04914504076544171,False
5-2-230_jpg.rf.8c8ebff0e0473e1e78995610bf3d0b0d,0,5-2-230_jpg.rf.8c8ebff0e0473e1e78995610bf3d0b0d#0,IS1,0.00287015207541199,False
5-2-230_jpg.rf.8c8ebff0e0473e1e78995610bf3d0b0d,0,5-2-230_jpg.rf.8c8ebff0e0473e1e78995610bf3d0b0d#0,BL1,0.2579329667319698,True
5-2-289_jpg.rf.bf8376968169f88acb10523114fc05c4,0,5-2-289_jpg.rf.bf8376968169f88acb10523114fc05c4#0,AOI,0.01867176272140131,False
5-2-289_jpg.rf.bf8376968169f88acb10523114fc05c4,0,5-2-289_jpg.rf.bf8376968169f88acb10523114fc05c4#0,BL2,0.13129798677515028,False
5-2-289_jpg.rf.bf8376968169f88acb10523114fc05c4,0,5-2-289_jpg.rf.bf8376968169f88acb10523114fc05c4#0,IS2,0.008501434036657478,False
5-2-289_jpg.rf.bf8376968169f88acb10523114fc05c4,0,5-2-289_jpg.rf.bf8376968169f88acb10523114fc05c4#0,IAC,0.030711012998133336,False
5-2-289_jpg.rf.bf8376968169f88acb10523114fc05c4,0,5-2-289_jpg.rf.bf8376968169f88acb10523114fc05c4#0,IS1,0.028779203764565085,False
5-2-289_jpg.rf.bf8376968169f88acb10523114fc05c4,0,5-2-289_jpg.rf.bf8376968169f88acb10523114fc05c4#0,BL1,0.016222297190817875,False
5-2-289_jpg.rf.bf8376968169f88acb10523114fc05c4,1,5-2-289_jpg.rf.bf8376968169f88acb10523114fc05c4#1,AOI,0.008342520945570525,False
5-2-289_jpg.rf.bf8376968169f88acb10523114fc05c4,1,5-2-289_jpg.rf.bf8376968169f88acb10523114fc05c4#1,BL2,0.0027026392756622523,False
5-2-289_jpg.rf.bf8376968169f88acb10523114fc05c4,1,5-2-289_jpg.rf.bf8376968169f88acb10523114fc05c4#1,IS2,0.01736190007487075,False
5-2-289_jpg.rf.bf8376968169f88acb10523114fc05c4,1,5-2-289_jpg.rf.bf8376968169f88acb10523114fc05c4#1,IAC,0.028642245797933157,False
5-2-289_jpg.rf.bf8376968169f88acb10523114fc05c4,1,5-2-289_jpg.rf.bf8376968169f88acb10523114fc05c4#1,IS1,0.023179510587420227,False
5-2-289_jpg.rf.bf8376968169f88acb10523114fc05c4,1,5-2-289_jpg.rf.bf8376968169f88acb10523114fc05c4#1,BL1,0.04910516265906057,False
5-2-341_jpg.rf.4594c906a1acec3c27cf0614280e121b,0,5-2-341_jpg.rf.4594c906a1acec3c27cf0614280e121b#0,AOI,0.007647692323762701,False
5-2-341_jpg.rf.4594c906a1acec3c27cf0614280e121b,0,5-2-341_jpg.rf.4594c906a1acec3c27cf0614280e121b#0,BL2,0.013110371852999783,False
5-2-341_jpg.rf.4594c906a1acec3c27cf0614280e121b,0,5-2-341_jpg.rf.4594c906a1acec3c27cf0614280e121b#0,IS2,0.0035954674641945593,False
5-2-341_jpg.rf.4594c906a1acec3c27cf0614280e121b,0,5-2-341_jpg.rf.4594c906a1acec3c27cf0614280e121b#0,IAC,0.023371396262653662,False
5-2-341_jpg.rf.4594c906a1acec3c27cf0614280e121b,0,5-2-341_jpg.rf.4594c906a1acec3c27cf0614280e121b#0,IS1,0.01860346888192196,False
5-2-341_jpg.rf.4594c906a1acec3c27cf0614280e121b,0,5-2-341_jpg.rf.4594c906a1acec3c27cf0614280e121b#0,BL1,0.047612162455046646,False
5-2-345_jpg.rf.88fa7fea1037295a257ce12900637d76,0,5-2-345_jpg.rf.88fa7fea1037295a257ce12900637d76#0,AOI,0.006923458577745688,False
5-2-345_jpg.rf.88fa7fea1037295a257ce12900637d76,0,5-2-345_jpg.rf.88fa7fea1037295a257ce12900637d76#0,BL2,0.03735121522812332,False
5-2-345_jpg.rf.88fa7fea1037295a257ce12900637d76,0,5-2-345_jpg.rf.88fa7fea1037295a257ce12900637d76#0,IS2,0.00847812435127829,False
5-2-345_jpg.rf.88fa7fea1037295a257ce12900637d76,0,5-2-345_jpg.rf.88fa7fea1037295a257ce12900637d76#0,IAC,0.013488234190012218,False
5-2-345_jpg.rf.88fa7fea1037295a257ce12900637d76,0,5-2-345_jpg.rf.88fa7fea1037295a257ce12900637d76#0,IS1,0.012478187323675208,False
5-2-345_jpg.rf.88fa7fea1037295a257ce12900637d76,0,5-2-345_jpg.rf.88fa7fea1037295a257ce12900637d76#0,BL1,0.05329384594999768,False
5-2-363_jpg.rf.03ae826aa53fa8c2fd1c20278e8be47d,0,5-2-363_jpg.rf.03ae826aa53fa8c2fd1c20278e8be47d#0,AOI,0.0279574750306738,False
5-2-363_jpg.rf.03ae826aa53fa8c2fd1c20278e8be47d,0,5-2-363_jpg.rf.03ae826aa53fa8c2fd1c20278e8be47d#0,BL2,0.05580606355416238,False
5-2-363_jpg.rf.03ae826aa53fa8c2fd1c20278e8be47d,0,5-2-363_jpg.rf.03ae826aa53fa8c2fd1c20278e8be47d#0,IS2,0.08288696212361137,True
5-2-363_jpg.rf.03ae826aa53fa8c2fd1c20278e8be47d,0,5-2-363_jpg.rf.03ae826aa53fa8c2fd1c20278e8be47d#0,IAC,0.07131849123770384,True
5-2-363_jpg.rf.03ae826aa53fa8c2fd1c20278e8be47d,0,5-2-363_jpg.rf.03ae826aa53fa8c2fd1c20278e8be47d#0,IS1,0.0791255567190599,True
5-2-363_jpg.rf.03ae826aa53fa8c2fd1c20278e8be47d,0,5-2-363_jpg.rf.03ae826aa53fa8c2fd1c20278e8be47d#0,BL1,0.10570669514076465,False
5-2-369_jpg.rf.b151e27950a3c3b71cb0485f5575ed38,0,5-2-369_jpg.rf.b151e27950a3c3b71cb0485f5575ed38#0,AOI,0.016949033609768824,False
5-2-369_jpg.rf.b151e27950a3c3b71cb0485f5575ed38,0,5-2-369_jpg.rf.b151e27950a3c3b71cb0485f5575ed38#0,BL2,0.04265081725837796,False
5-2-369_jpg.rf.b151e27950a3c3b71cb0485f5575ed38,0,5-2-369_jpg.rf.b151e27950a3c3b71cb0485f5575ed38#0,IS2,0.04340731722006554,False
5-2-369_jpg.rf.b151e27950a3c3b71cb0485f5575ed38,0,5-2-369_jpg.rf.b151e27950a3c3b71cb0485f5575ed38#0,IAC,0.028398366565259608,False
5-2-369_jpg.rf.b151e27950a3c3b71cb0485f5575ed38,0,5-2-369_jpg.rf.b151e27950a3c3b71cb0485f5575ed38#0,IS1,0.029622479214275178,False
5-2-369_jpg.rf.b151e27950a3c3b71cb0485f5575ed38,0,5-2-369_jpg.rf.b151e27950a3c3b71cb0485f5575ed38#0,BL1,0.012652085248724567,False
5-2-439_jpg.rf.79429c13ea0a88c32686a94b9b53124e,0,5-2-439_jpg.rf.79429c13ea0a88c32686a94b9b53124e#0,AOI,0.006817554763569849,False
5-2-439_jpg.rf.79429c13ea0a88c32686a94b9b53124e,0,5-2-439_jpg.rf.79429c13ea0a88c32686a94b9b53124e#0,BL2,0.013291527029413637,False
5-2-439_jpg.rf.79429c13ea0a88c32686a94b9b53124e,0,5-2-439_jpg.rf.79429c13ea0a88c32686a94b9b53124e#0,IS2,0.02660082957587925,False
5-2-439_jpg.rf.79429c13ea0a88c32686a94b9b53124e,0,5-2-439_jpg.rf.79429c13ea0a88c32686a94b9b53124e#0,IAC,0.01711127132745649,False
5-2-439_jpg.rf.79429c13ea0a88c32686a94b9b53124e,0,5-2-439_jpg.rf.79429c13ea0a88c32686a94b9b53124e#0,IS1,0.025610495146102023,False
5-2-439_jpg.rf.79429c13ea0a88c32686a94b9b53124e,0,5-2-439_jpg.rf.79429c13ea0a88c32686a94b9b53124e#0,BL1,0.02199099041319544,False
5-2-439_jpg.rf.79429c13ea0a88c32686a94b9b53124e,1,5-2-439_jpg.rf.79429c13ea0a88c32686a94b9b53124e#1,AOI,0.01335814664360719,False
5-2-439_jpg.rf.79429c13ea0a88c32686a94b9b53124e,1,5-2-439_jpg.rf.79429c13ea0a88c32686a94b9b53124e#1,BL2,0.15682463072397382,False
5-2-439_jpg.rf.79429c13ea0a88c32686a94b9b53124e,1,5-2-439_jpg.rf.79429c13ea0a88c32686a94b9b53124e#1,IS2,0.05025510208997485,False
5-2-439_jpg.rf.79429c13ea0a88c32686a94b9b53124e,1,5-2-439_jpg.rf.79429c13ea0a88c32686a94b9b53124e#1,IAC,0.053588970124449124,True
5-2-439_jpg.rf.79429c13ea0a88c32686a94b9b53124e,1,5-2-439_jpg.rf.79429c13ea0a88c32686a94b9b53124e#1,IS1,0.02636530068607998,False
5-2-439_jpg.rf.79429c13ea0a88c32686a94b9b53124e,1,5-2-439_jpg.rf.79429c13ea0a88c32686a94b9b53124e#1,BL1,0.11621986233498639,False
5-2-439_jpg.rf.79429c13ea0a88c32686a94b9b53124e,2,5-2-439_jpg.rf.79429c13ea0a88c32686a94b9b53124e#2,AOI,0.008676500939978326,False
5-2-439_jpg.rf.79429c13ea0a88c32686a94b9b53124e,2,5-2-439_jpg.rf.79429c13ea0a88c32686a94b9b53124e#2,BL2,0.0573912140049979,False
5-2-439_jpg.rf.79429c13ea0a88c32686a94b9b53124e,2,5-2-439_jpg.rf.79429c13ea0a88c32686a94b9b53124e#2,IS2,0.025675687285364075,False
5-2-439_jpg.rf.79429c13ea0a88c32686a94b9b53124e,2,5-2-439_jpg.rf.79429c13ea0a88c32686a94b9b53124e#2,IAC,0.011183985726154647,False
5-2-439_jpg.rf.79429c13ea0a88c32686a94b9b53124e,2,5-2-439_jpg.rf.79429c13ea0a88c32686a94b9b53124e#2,IS1,0.01473846753501512,False
5-2-439_jpg.rf.79429c13ea0a88c32686a94b9b53124e,2,5-2-439_jpg.rf.79429c13ea0a88c32686a94b9b53124e#2,BL1,0.17488442347202382,True
5-2-447_jpg.rf.486c99765ac39c3552182837a705d7e6,0,5-2-447_jpg.rf.486c99765ac39c3552182837a705d7e6#0,AOI,0.01634627000822472,False
5-2-447_jpg.rf.486c99765ac39c3552182837a705d7e6,0,5-2-447_jpg.rf.486c99765ac39c3552182837a705d7e6#0,BL2,0.024487487545335043,False
5-2-447_jpg.rf.486c99765ac39c3552182837a705d7e6,0,5-2-447_jpg.rf.486c99765ac39c3552182837a705d7e6#0,IS2,0.044473946416120756,False
5-2-447_jpg.rf.486c99765ac39c3552182837a705d7e6,0,5-2-447_jpg.rf.486c99765ac39c3552182837a705d7e6#0,IAC,0.0022068003898597466,False
5-2-447_jpg.rf.486c99765ac39c3552182837a705d7e6,0,5-2-447_jpg.rf.486c99765ac39c3552182837a705d7e6#0,IS1,0.008853226713240002,False
5-2-447_jpg.rf.486c99765ac39c3552182837a705d7e6,0,5-2-447_jpg.rf.486c99765ac39c3552182837a705d7e6#0,BL1,0.06738309463607195,False
5-2-474_jpg.rf.c7f9bb991aa7e51ade0cdfdc9217b8c2,0,5-2-474_jpg.rf.c7f9bb991aa7e51ade0cdfdc9217b8c2#0,AOI,0.007839248265763186,False
5-2-474_jpg.rf.c7f9bb991aa7e51ade0cdfdc9217b8c2,0,5-2-474_jpg.rf.c7f9bb991aa7e51ade0cdfdc9217b8c2#0,BL2,0.06812049946742324,False
5-2-474_jpg.rf.c7f9bb991aa7e51ade0cdfdc9217b8c2,0,5-2-474_jpg.rf.c7f9bb991aa7e51ade0cdfdc9217b8c2#0,IS2,0.040854568809402705,False
5-2-474_jpg.rf.c7f9bb991aa7e51ade0cdfdc9217b8c2,0,5-2-474_jpg.rf.c7f9bb991aa7e51ade0cdfdc9217b8c2#0,IAC,0.03190661203516875,False
5-2-474_jpg.rf.c7f9bb991aa7e51ade0cdfdc9217b8c2,0,5-2-474_jpg.rf.c7f9bb991aa7e51ade0cdfdc9217b8c2#0,IS1,0.009517802104491624,False
5-2-474_jpg.rf.c7f9bb991aa7e51ade0cdfdc9217b8c2,0,5-2-474_jpg.rf.c7f9bb991aa7e51ade0cdfdc9217b8c2#0,BL1,0.04385252948143449,False
5-2-576_jpg.rf.fdfb8269fbf704472524b871f3477ea6,0,5-2-576_jpg.rf.fdfb8269fbf704472524b871f3477ea6#0,AOI,0.019023148549806607,False
5-2-576_jpg.rf.fdfb8269fbf704472524b871f3477ea6,0,5-2-576_jpg.rf.fdfb8269fbf704472524b871f3477ea6#0,BL2,0.02601694696591406,False
5-2-576_jpg.rf.fdfb8269fbf704472524b871f3477ea6,0,5-2-576_jpg.rf.fdfb8269fbf704472524b871f3477ea6#0,IS2,0.031520599470126864,False
5-2-576_jpg.rf.fdfb8269fbf704472524b871f3477ea6,0,5-2-576_jpg.rf.fdfb8269fbf704472524b871f3477ea6#0,IAC,0.024222516428268292,False
5-2-576_jpg.rf.fdfb8269fbf704472524b871f3477ea6,0,5-2-576_jpg.rf.fdfb8269fbf704472524b871f3477ea6#0,IS1,0.020336664629768495,False
5-2-576_jpg.rf.fdfb8269fbf704472524b871f3477ea6,0,5-2-576_jpg.rf.fdfb8269fbf704472524b871f3477ea6#0,BL1,0.016959598220213885,False
5-2-58_jpg.rf.3aa07c9579d52f2f0d09f444aa70afaf,0,5-2-58_jpg.rf.3aa07c9579d52f2f0d09f444aa70afaf#0,AOI,0.008107444254233225,False
5-2-58_jpg.rf.3aa07c9579d52f2f0d09f444aa70afaf,0,5-2-58_jpg.rf.3aa07c9579d52f2f0d09f444aa70afaf#0,BL2,0.08196726353613847,False
5-2-58_jpg.rf.3aa07c9579d52f2f0d09f444aa70afaf,0,5-2-58_jpg.rf.3aa07c9579d52f2f0d09f444aa70afaf#0,IS2,0.0629752134806864,False
5-2-58_jpg.rf.3aa07c9579d52f2f0d09f444aa70afaf,0,5-2-58_jpg.rf.3aa07c9579d52f2f0d09f444aa70afaf#0,IAC,0.044539434521785846,False
5-2-58_jpg.rf.3aa07c9579d52f2f0d09f444aa70afaf,0,5-2-58_jpg.rf.3aa07c9579d52f2f0d09f444aa70afaf#0,IS1,0.07304526275993728,True
5-2-58_jpg.rf.3aa07c9579d52f2f0d09f444aa70afaf,0,5-2-58_jpg.rf.3aa07c9579d52f2f0d09f444aa70afaf#0,BL1,0.05789462454152679,False
5-2-614_jpg.rf.0d3cf4513c2e9b16533e68a787864499,0,5-2-614_jpg.rf.0d3cf4513c2e9b16533e68a787864499#0,AOI,0.005461253944888275,False
5-2-614_jpg.rf.0d3cf4513c2e9b16533e68a787864499,0,5-2-614_jpg.rf.0d3cf4513c2e9b16533e68a787864499#0,BL2,0.017889769644777523,False
5-2-614_jpg.rf.0d3cf4513c2e9b16533e68a787864499,0,5-2-614_jpg.rf.0d3cf4513c2e9b16533e68a787864499#0,IS2,0.012633353735328272,False
5-2-614_jpg.rf.0d3cf4513c2e9b16533e68a787864499,0,5-2-614_jpg.rf.0d3cf4513c2e9b16533e68a787864499#0,IAC,0.04154726196044246,False
5-2-614_jpg.rf.0d3cf4513c2e9b16533e68a787864499,0,5-2-614_jpg.rf.0d3cf4513c2e9b16533e68a787864499#0,IS1,0.02329421233807516,False
5-2-614_jpg.rf.0d3cf4513c2e9b16533e68a787864499,0,5-2-614_jpg.rf.0d3cf4513c2e9b16533e68a787864499#0,BL1,0.07094361732413415,False
5-2-625_jpg.rf.d0f96720d33a3507a9f8df66282344f4,0,5-2-625_jpg.rf.d0f96720d33a3507a9f8df66282344f4#0,AOI,0.012493907230029952,False
5-2-625_jpg.rf.d0f96720d33a3507a9f8df66282344f4,0,5-2-625_jpg.rf.d0f96720d33a3507a9f8df66282344f4#0,BL2,0.014148911989007225,False
5-2-625_jpg.rf.d0f96720d33a3507a9f8df66282344f4,0,5-2-625_jpg.rf.d0f96720d33a3507a9f8df66282344f4#0,IS2,0.005480915787275602,False
5-2-625_jpg.rf.d0f96720d33a3507a9f8df66282344f4,0,5-2-625_jpg.rf.d0f96720d33a3507a9f8df66282344f4#0,IAC,0.020864116224069713,False
5-2-625_jpg.rf.d0f96720d33a3507a9f8df66282344f4,0,5-2-625_jpg.rf.d0f96720d33a3507a9f8df66282344f4#0,IS1,0.012708297919849213,False
5-2-625_jpg.rf.d0f96720d33a3507a9f8df66282344f4,0,5-2-625_jpg.rf.d0f96720d33a3507a9f8df66282344f4#0,BL1,0.02671484420302229,False
5-2-661_jpg.rf.33f54d37fcc5edaa4ff42cac27c1a01f,0,5-2-661_jpg.rf.33f54d37fcc5edaa4ff42cac27c1a01f#0,AOI,0.022967003662447843,False
5-2-661_jpg.rf.33f54d37fcc5edaa4ff42cac27c1a01f,0,5-2-661_jpg.rf.33f54d37fcc5edaa4ff42cac27c1a01f#0,BL2,0.046350871730112896,False
5-2-661_jpg.rf.33f54d37fcc5edaa4ff42cac27c1a01f,0,5-2-661_jpg.rf.33f54d37fcc5edaa4ff42cac27c1a01f#0,IS2,0.011701590258779874,False
5-2-661_jpg.rf.33f54d37fcc5edaa4ff42cac27c1a01f,0,5-2-661_jpg.rf.33f54d37fcc5edaa4ff42cac27c1a01f#0,IAC,0.021521520454781843,False
5-2-661_jpg.rf.33f54d37fcc5edaa4ff42cac27c1a01f,0,5-2-661_jpg.rf.33f54d37fcc5edaa4ff42cac27c1a01f#0,IS1,0.006332825684580076,False
5-2-661_jpg.rf.33f54d37fcc5edaa4ff42cac27c1a01f,0,5-2-661_jpg.rf.33f54d37fcc5edaa4ff42cac27c1a01f#0,BL1,0.041671699126037944,False
5-2-73_jpg.rf.f9161069960917cc056b974d59ee6775,0,5-2-73_jpg.rf.f9161069960917cc056b974d59ee6775#0,AOI,0.010814907989100916,False
5-2-73_jpg.rf.f9161069960917cc056b974d59ee6775,0,5-2-73_jpg.rf.f9161069960917cc056b974d59ee6775#0,BL2,0.019870607136769844,False
5-2-73_jpg.rf.f9161069960917cc056b974d59ee6775,0,5-2-73_jpg.rf.f9161069960917cc056b974d59ee6775#0,IS2,0.025614950807740854,False
5-2-73_jpg.rf.f9161069960917cc056b974d59ee6775,0,5-2-73_jpg.rf.f9161069960917cc056b974d59ee6775#0,IAC,0.055930690959913223,True
5-2-73_jpg.rf.f9161069960917cc056b974d59ee6775,0,5-2-73_jpg.rf.f9161069960917cc056b974d59ee6775#0,IS1,0.02780087145150303,False
5-2-73_jpg.rf.f9161069960917cc056b974d59ee6775,0,5-2-73_jpg.rf.f9161069960917cc056b974d59ee6775#0,BL1,0.01817225654302528,False
5-2-751_jpg.rf.f8d66c23aa53658034a0d26dc56c1f7f,0,5-2-751_jpg.rf.f8d66c23aa53658034a0d26dc56c1f7f#0,AOI,0.003553255189658053,False
5-2-751_jpg.rf.f8d66c23aa53658034a0d26dc56c1f7f,0,5-2-751_jpg.rf.f8d66c23aa53658034a0d26dc56c1f7f#0,BL2,0.004549789277331906,False
5-2-751_jpg.rf.f8d66c23aa53658034a0d26dc56c1f7f,0,5-2-751_jpg.rf.f8d66c23aa53658034a0d26dc56c1f7f#0,IS2,0.012299264779752683,False
5-2-751_jpg.rf.f8d66c23aa53658034a0d26dc56c1f7f,0,5-2-751_jpg.rf.f8d66c23aa53658034a0d26dc56c1f7f#0,IAC,0.021165949567534252,False
5-2-751_jpg.rf.f8d66c23aa53658034a0d26dc56c1f7f,0,5-2-751_jpg.rf.f8d66c23aa53658034a0d26dc56c1f7f#0,IS1,0.0027552181529929814,False
5-2-751_jpg.rf.f8d66c23aa53658034a0d26dc56c1f7f,0,5-2-751_jpg.rf.f8d66c23aa53658034a0d26dc56c1f7f#0,BL1,0.03419547225125868,False
6-1-16_jpg.rf.0cbdd4c22aca84b470b9a53a643a4fe9,0,6-1-16_jpg.rf.0cbdd4c22aca84b470b9a53a643a4fe9#0,AOI,0.0063272348786464466,False
6-1-16_jpg.rf.0cbdd4c22aca84b470b9a53a643a4fe9,0,6-1-16_jpg.rf.0cbdd4c22aca84b470b9a53a643a4fe9#0,BL2,0.08303434778213192,False
6-1-16_jpg.rf.0cbdd4c22aca84b470b9a53a643a4fe9,0,6-1-16_jpg.rf.0cbdd4c22aca84b470b9a53a643a4fe9#0,IS2,0.0068747554854634825,False
6-1-16_jpg.rf.0cbdd4c22aca84b470b9a53a643a4fe9,0,6-1-16_jpg.rf.0cbdd4c22aca84b470b9a53a643a4fe9#0,IAC,0.0032425935847998164,False
6-1-16_jpg.rf.0cbdd4c22aca84b470b9a53a643a4fe9,0,6-1-16_jpg.rf.0cbdd4c22aca84b470b9a53a643a4fe9#0,IS1,0.017292092589982277,False
6-1-16_jpg.rf.0cbdd4c22aca84b470b9a53a643a4fe9,0,6-1-16_jpg.rf.0cbdd4c22aca84b470b9a53a643a4fe9#0,BL1,0.042390747003059594,False
6-1-19_jpg.rf.8dce43d0e3666c17d84a472635aae02e,0,6-1-19_jpg.rf.8dce43d0e3666c17d84a472635aae02e#0,AOI,0.06437052129264852,True
6-1-19_jpg.rf.8dce43d0e3666c17d84a472635aae02e,0,6-1-19_jpg.rf.8dce43d0e3666c17d84a472635aae02e#0,BL2,0.17662978764202608,True
6-1-19_jpg.rf.8dce43d0e3666c17d84a472635aae02e,0,6-1-19_jpg.rf.8dce43d0e3666c17d84a472635aae02e#0,IS2,0.19136522905032483,True
6-1-19_jpg.rf.8dce43d0e3666c17d84a472635aae02e,0,6-1-19_jpg.rf.8dce43d0e3666c17d84a472635aae02e#0,IAC,0.01200920310053086,False
6-1-19_jpg.rf.8dce43d0e3666c17d84a472635aae02e,0,6-1-19_jpg.rf.8dce43d0e3666c17d84a472635aae02e#0,IS1,0.2087500158932412,True
6-1-19_jpg.rf.8dce43d0e3666c17d84a472635aae02e,0,6-1-19_jpg.rf.8dce43d0e3666c17d84a472635aae02e#0,BL1,0.21254073560019968,True
6-1-19_jpg.rf.8dce43d0e3666c17d84a472635aae02e,1,6-1-19_jpg.rf.8dce43d0e3666c17d84a472635aae02e#1,AOI,0.04625714190148742,True
6-1-19_jpg.rf.8dce43d0e3666c17d84a472635aae02e,1,6-1-19_jpg.rf.8dce43d0e3666c17d84a472635aae02e#1,BL2,0.14157926513559438,False
6-1-19_jpg.rf.8dce43d0e3666c17d84a472635aae02e,1,6-1-19_jpg.rf.8dce43d0e3666c17d84a472635aae02e#1,IS2,0.1734866032171479,True
6-1-19_jpg.rf.8dce43d0e3666c17d84a472635aae02e,1,6-1-19_jpg.rf.8dce43d0e3666c17d84a472635aae02e#1,IAC,0.0025227984853341654,False
6-1-19_jpg.rf.8dce43d0e3666c17d84a472635aae02e,1,6-1-19_jpg.rf.8dce43d0e3666c17d84a472635aae02e#1,IS1,0.1534309417681623,True
6-1-19_jpg.rf.8dce43d0e3666c17d84a472635aae02e,1,6-1-19_jpg.rf.8dce43d0e3666c17d84a472635aae02e#1,BL1,0.17060459111474832,True
6-1-21_jpg.rf.bb90b3857e7061fd7ea710ef5fb6a4c8,0,6-1-21_jpg.rf.bb90b3857e7061fd7ea710ef5fb6a4c8#0,AOI,0.00504104651196025,False
6-1-21_jpg.rf.bb90b3857e7061fd7ea710ef5fb6a4c8,0,6-1-21_jpg.rf.bb90b3857e7061fd7ea710ef5fb6a4c8#0,BL2,0.06047777154627168,False
6-1-21_jpg.rf.bb90b3857e7061fd7ea710ef5fb6a4c8,0,6-1-21_jpg.rf.bb90b3857e7061fd7ea710ef5fb6a4c8#0,IS2,0.004542129300614775,False
6-1-21_jpg.rf.bb90b3857e7061fd7ea710ef5fb6a4c8,0,6-1-21_jpg.rf.bb90b3857e7061fd7ea710ef5fb6a4c8#0,IAC,0.010947098782524563,False
6-1-21_jpg.rf.bb90b3857e7061fd7ea710ef5fb6a4c8,0,6-1-21_jpg.rf.bb90b3857e7061fd7ea710ef5fb6a4c8#0,IS1,0.01085958500707085,False
6-1-21_jpg.rf.bb90b3857e7061fd7ea710ef5fb6a4c8,0,6-1-21_jpg.rf.bb90b3857e7061fd7ea710ef5fb6a4c8#0,BL1,0.009051282981371372,False
6-2-124_jpg.rf.a2b0760deeda2986a0e1749ca308376d,0,6-2-124_jpg.rf.a2b0760deeda2986a0e1749ca308376d#0,AOI,0.012947172885126217,False
6-2-124_jpg.rf.a2b0760deeda2986a0e1749ca308376d,0,6-2-124_jpg.rf.a2b0760deeda2986a0e1749ca308376d#0,BL2,0.14589421247984719,False
6-2-124_jpg.rf.a2b0760deeda2986a0e1749ca308376d,0,6-2-124_jpg.rf.a2b0760deeda2986a0e1749ca308376d#0,IS2,0.05458876905681635,False
6-2-124_jpg.rf.a2b0760deeda2986a0e1749ca308376d,0,6-2-124_jpg.rf.a2b0760deeda2986a0e1749ca308376d#0,IAC,0.03084609070004314,False
6-2-124_jpg.rf.a2b0760deeda2986a0e1749ca308376d,0,6-2-124_jpg.rf.a2b0760deeda2986a0e1749ca308376d#0,IS1,0.016864268911564943,False
6-2-124_jpg.rf.a2b0760deeda2986a0e1749ca308376d,0,6-2-124_jpg.rf.a2b0760deeda2986a0e1749ca308376d#0,BL1,0.07402440162622119,False
6-2-131_jpg.rf.261a1a4473bbe8883d657ba0fd6ca47c,0,6-2-131_jpg.rf.261a1a4473bbe8883d657ba0fd6ca47c#0,AOI,0.019229515302763532,False
6-2-131_jpg.rf.261a1a4473bbe8883d657ba0fd6ca47c,0,6-2-131_jpg.rf.261a1a4473bbe8883d657ba0fd6ca47c#0,BL2,0.032452891618729586,False
6-2-131_jpg.rf.261a1a4473bbe8883d657ba0fd6ca47c,0,6-2-131_jpg.rf.261a1a4473bbe8883d657ba0fd6ca47c#0,IS2,0.025378978596212194,False
6-2-131_jpg.rf.261a1a4473bbe8883d657ba0fd6ca47c,0,6-2-131_jpg.rf.261a1a4473bbe8883d657ba0fd6ca47c#0,IAC,0.01030917484124305,False
6-2-131_jpg.rf.261a1a4473bbe8883d657ba0fd6ca47c,0,6-2-131_jpg.rf.261a1a4473bbe8883d657ba0fd6ca47c#0,IS1,0.011772416373633186,False
6-2-131_jpg.rf.261a1a4473bbe8883d657ba0fd6ca47c,0,6-2-131_jpg.rf.261a1a4473bbe8883d657ba0fd6ca47c#0,BL1,0.01557558203728268,False
6-2-144_jpg.rf.58f03b2e3a1ae37ef1bb58def06f24db,0,6-2-144_jpg.rf.58f03b2e3a1ae37ef1bb58def06f24db#0,AOI,0.002946509511787715,False
6-2-144_jpg.rf.58f03b2e3a1ae37ef1bb58def06f24db,0,6-2-144_jpg.rf.58f03b2e3a1ae37ef1bb58def06f24db#0,BL2,0.023806520437439572,False
6-2-144_jpg.rf.58f03b2e3a1ae37ef1bb58def06f24db,0,6-2-144_jpg.rf.58f03b2e3a1ae37ef1bb58def06f24db#0,IS2,0.011696682452128845,False
6-2-144_jpg.rf.58f03b2e3a1ae37ef1bb58def06f24db,0,6-2-144_jpg.rf.58f03b2e3a1ae37ef1bb58def06f24db#0,IAC,0.017276911623783163,False
6-2-144_jpg.rf.58f03b2e3a1ae37ef1bb58def06f24db,0,6-2-144_jpg.rf.58f03b2e3a1ae37ef1bb58def06f24db#0,IS1,0.021445868867621332,False
6-2-144_jpg.rf.58f03b2e3a1ae37ef1bb58def06f24db,0,6-2-144_jpg.rf.58f03b2e3a1ae37ef1bb58def06f24db#0,BL1,0.017818151162872123,False
6-2-144_jpg.rf.58f03b2e3a1ae37ef1bb58def06f24db,1,6-2-144_jpg.rf.58f03b2e3a1ae37ef1bb58def06f24db#1,AOI,0.004897935520084265,False
6-2-144_jpg.rf.58f03b2e3a1ae37ef1bb58def06f24db,1,6-2-144_jpg.rf.58f03b2e3a1ae37ef1bb58def06f24db#1,BL2,0.008489763956216857,False
6-2-144_jpg.rf.58f03b2e3a1ae37ef1bb58def06f24db,1,6-2-144_jpg.rf.58f03b2e3a1ae37ef1bb58def06f24db#1,IS2,0.05255924763817099,False
6-2-144_jpg.rf.58f03b2e3a1ae37ef1bb58def06f24db,1,6-2-144_jpg.rf.58f03b2e3a1ae37ef1bb58def06f24db#1,IAC,0.06552227874493764,True
6-2-144_jpg.rf.58f03b2e3a1ae37ef1bb58def06f24db,1,6-2-144_jpg.rf.58f03b2e3a1ae37ef1bb58def06f24db#1,IS1,0.08987515072404006,True
6-2-144_jpg.rf.58f03b2e3a1ae37ef1bb58def06f24db,1,6-2-144_jpg.rf.58f03b2e3a1ae37ef1bb58def06f24db#1,BL1,0.017849712226648533,False
6-2-144_jpg.rf.58f03b2e3a1ae37ef1bb58def06f24db,2,6-2-144_jpg.rf.58f03b2e3a1ae37ef1bb58def06f24db#2,AOI,0.009842804842636837,False
6-2-144_jpg.rf.58f03b2e3a1ae37ef1bb58def06f24db,2,6-2-144_jpg.rf.58f03b2e3a1ae37ef1bb58def06f24db#2,BL2,0.11412653045733025,False
6-2-144_jpg.rf.58f03b2e3a1ae37ef1bb58def06f24db,2,6-2-144_jpg.rf.58f03b2e3a1ae37ef1bb58def06f24db#2,IS2,0.02225686892406228,False
6-2-144_jpg.rf.58f03b2e3a1ae37ef1bb58def06f24db,2,6-2-144_jpg.rf.58f03b2e3a1ae37ef1bb58def06f24db#2,IAC,0.025374002043628382,False
6-2-144_jpg.rf.58f03b2e3a1ae37ef1bb58def06f24db,2,6-2-144_jpg.rf.58f03b2e3a1ae37ef1bb58def06f24db#2,IS1,0.038893072331021135,False
6-2-144_jpg.rf.58f03b2e3a1ae37ef1bb58def06f24db,2,6-2-144_jpg.rf.58f03b2e3a1ae37ef1bb58def06f24db#2,BL1,0.049037287995746595,False
6-2-157_jpg.rf.d0483a3749ae1b4e8e440d6704dd4697,0,6-2-157_jpg.rf.d0483a3749ae1b4e8e440d6704dd4697#0,AOI,0.012418382311029909,False
6-2-157_jpg.rf.d0483a3749ae1b4e8e440d6704dd4697,0,6-2-157_jpg.rf.d0483a3749ae1b4e8e440d6704dd4697#0,BL2,0.01221790903322846,False
6-2-157_jpg.rf.d0483a3749ae1b4e8e440d6704dd4697,0,6-2-157_jpg.rf.d0483a3749ae1b4e8e440d6704dd4697#0,IS2,0.021878206280157228,False
6-2-157_jpg.rf.d0483a3749ae1b4e8e440d6704dd4697,0,6-2-157_jpg.rf.d0483a3749ae1b4e8e440d6704dd4697#0,IAC,0.009742063402546465,False
6-2-157_jpg.rf.d0483a3749ae1b4e8e440d6704dd4697,0,6-2-157_jpg.rf.d0483a3749ae1b4e8e440d6704dd4697#0,IS1,0.01335813176624237,False
6-2-157_jpg.rf.d0483a3749ae1b4e8e440d6704dd4697,0,6-2-157_jpg.rf.d0483a3749ae1b4e8e440d6704dd4697#0,BL1,0.023336822096185882,False
6-2-168_jpg.rf.6b032dca82aab9d837b0971af905255e,0,6-2-168_jpg.rf.6b032dca82aab9d837b0971af905255e#0,AOI,0.01873503380774153,False
6-2-168_jpg.rf.6b032dca82aab9d837b0971af905255e,0,6-2-168_jpg.rf.6b032dca82aab9d837b0971af905255e#0,BL2,0.03080606529535842,False
6-2-168_jpg.rf.6b032dca82aab9d837b0971af905255e,0,6-2-168_jpg.rf.6b032dca82aab9d837b0971af905255e#0,IS2,0.012972147641159573,False
6-2-168_jpg.rf.6b032dca82aab9d837b0971af905255e,0,6-2-168_jpg.rf.6b032dca82aab9d837b0971af905255e#0,IAC,0.023397449283534266,False
6-2-168_jpg.rf.6b032dca82aab9d837b0971af905255e,0,6-2-168_jpg.rf.6b032dca82aab9d837b0971af905255e#0,IS1,0.046498767117755795,False
6-2-168_jpg.rf.6b032dca82aab9d837b0971af905255e,0,6-2-168_jpg.rf.6b032dca82aab9d837b0971af905255e#0,BL1,0.024248548758294314,False
6-2-168_jpg.rf.6b032dca82aab9d837b0971af905255e,1,6-2-168_jpg.rf.6b032dca82aab9d837b0971af905255e#1,AOI,0.00804031919168099,False
6-2-168_jpg.rf.6b032dca82aab9d837b0971af905255e,1,6-2-168_jpg.rf.6b032dca82aab9d837b0971af905255e#1,BL2,0.08619438567968347,False
6-2-168_jpg.rf.6b032dca82aab9d837b0971af905255e,1,6-2-168_jpg.rf.6b032dca82aab9d837b0971af905255e#1,IS2,0.017782978262212253,False
6-2-168_jpg.rf.6b032dca82aab9d837b0971af905255e,1,6-2-168_jpg.rf.6b032dca82aab9d837b0971af905255e#1,IAC,0.007394765212967039,False
6-2-168_jpg.rf.6b032dca82aab9d837b0971af905255e,1,6-2-168_jpg.rf.6b032dca82aab9d837b0971af905255e#1,IS1,0.011085388277516256,False
6-2-168_jpg.rf.6b032dca82aab9d837b0971af905255e,1,6-2-168_jpg.rf.6b032dca82aab9d837b0971af905255e#1,BL1,0.026275588413386383,False
6-2-215_jpg.rf.0eac67ac77bbb5c56137aaf26b2a93f7,0,6-2-215_jpg.rf.0eac67ac77bbb5c56137aaf26b2a93f7#0,AOI,0.017227581849477324,False
6-2-215_jpg.rf.0eac67ac77bbb5c56137aaf26b2a93f7,0,6-2-215_jpg.rf.0eac67ac77bbb5c56137aaf26b2a93f7#0,BL2,0.013198060435441155,False
6-2-215_jpg.rf.0eac67ac77bbb5c56137aaf26b2a93f7,0,6-2-215_jpg.rf.0eac67ac77bbb5c56137aaf26b2a93f7#0,IS2,0.024838334887365282,False
6-2-215_jpg.rf.0eac67ac77bbb5c56137aaf26b2a93f7,0,6-2-215_jpg.rf.0eac67ac77bbb5c56137aaf26b2a93f7#0,IAC,0.015207200397098828,False
6-2-215_jpg.rf.0eac67ac77bbb5c56137aaf26b2a93f7,0,6-2-215_jpg.rf.0eac67ac77bbb5c56137aaf26b2a93f7#0,IS1,0.027829180491599943,False
6-2-215_jpg.rf.0eac67ac77bbb5c56137aaf26b2a93f7,0,6-2-215_jpg.rf.0eac67ac77bbb5c56137aaf26b2a93f7#0,BL1,0.0076015514441523865,False
6-2-256_jpg.rf.5d2e7163cda66b3fe488d730c01e1c9f,0,6-2-256_jpg.rf.5d2e7163cda66b3fe488d730c01e1c9f#0,AOI,0.014656537448828166,False
6-2-256_jpg.rf.5d2e7163cda66b3fe488d730c01e1c9f,0,6-2-256_jpg.rf.5d2e7163cda66b3fe488d730c01e1c9f#0,BL2,0.005958184837751649,False
6-2-256_jpg.rf.5d2e7163cda66b3fe488d730c01e1c9f,0,6-2-256_jpg.rf.5d2e7163cda66b3fe488d730c01e1c9f#0,IS2,0.009831900583104118,False
6-2-256_jpg.rf.5d2e7163cda66b3fe488d730c01e1c9f,0,6-2-256_jpg.rf.5d2e7163cda66b3fe488d730c01e1c9f#0,IAC,0.005348644961250729,False
6-2-256_jpg.rf.5d2e7163cda66b3fe488d730c01e1c9f,0,6-2-256_jpg.rf.5d2e7163cda66b3fe488d730c01e1c9f#0,IS1,0.0030594785989864785,False
6-2-256_jpg.rf.5d2e7163cda66b3fe488d730c01e1c9f,0,6-2-256_jpg.rf.5d2e7163cda66b3fe488d730c01e1c9f#0,BL1,0.013494388806265056,False
6-2-50_jpg.rf.c76fa5a83f793d90118007b46adfb625,0,6-2-50_jpg.rf.c76fa5a83f793d90118007b46adfb625#0,AOI,0.010235745326847435,False
6-2-50_jpg.rf.c76fa5a83f793d90118007b46adfb625,0,6-2-50_jpg.rf.c76fa5a83f793d90118007b46adfb625#0,BL2,0.0386287081868121,False
6-2-50_jpg.rf.c76fa5a83f793d90118007b46adfb625,0,6-2-50_jpg.rf.c76fa5a83f793d90118007b46adfb625#0,IS2,0.011248511161041442,False
6-2-50_jpg.rf.c76fa5a83f793d90118007b46adfb625,0,6-2-50_jpg.rf.c76fa5a83f793d90118007b46adfb625#0,IAC,0.007608533679124081,False
6-2-50_jpg.rf.c76fa5a83f793d90118007b46adfb625,0,6-2-50_jpg.rf.c76fa5a83f793d90118007b46adfb625#0,IS1,0.020302548918054802,False
6-2-50_jpg.rf.c76fa5a83f793d90118007b46adfb625,0,6-2-50_jpg.rf.c76fa5a83f793d90118007b46adfb625#0,BL1,0.06840994405609252,False
6-2-53_jpg.rf.e12c490fa20722b1d65c9a4750700b51,0,6-2-53_jpg.rf.e12c490fa20722b1d65c9a4750700b51#0,AOI,0.011591686128168752,False
6-2-53_jpg.rf.e12c490fa20722b1d65c9a4750700b51,0,6-2-53_jpg.rf.e12c490fa20722b1d65c9a4750700b51#0,BL2,0.10929953379035208,False
6-2-53_jpg.rf.e12c490fa20722b1d65c9a4750700b51,0,6-2-53_jpg.rf.e12c490fa20722b1d65c9a4750700b51#0,IS2,0.017147682803865555,False
6-2-53_jpg.rf.e12c490fa20722b1d65c9a4750700b51,0,6-2-53_jpg.rf.e12c490fa20722b1d65c9a4750700b51#0,IAC,0.03473249532794147,False
6-2-53_jpg.rf.e12c490fa20722b1d65c9a4750700b51,0,6-2-53_jpg.rf.e12c490fa20722b1d65c9a4750700b51#0,IS1,0.027098310528443376,False
6-2-53_jpg.rf.e12c490fa20722b1d65c9a4750700b51,0,6-2-53_jpg.rf.e12c490fa20722b1d65c9a4750700b51#0,BL1,0.014381041876481171,False
6-2-53_jpg.rf.e12c490fa20722b1d65c9a4750700b51,1,6-2-53_jpg.rf.e12c490fa20722b1d65c9a4750700b51#1,AOI,0.010093377289649477,False
6-2-53_jpg.rf.e12c490fa20722b1d65c9a4750700b51,1,6-2-53_jpg.rf.e12c490fa20722b1d65c9a4750700b51#1,BL2,0.04964092732478575,False
6-2-53_jpg.rf.e12c490fa20722b1d65c9a4750700b51,1,6-2-53_jpg.rf.e12c490fa20722b1d65c9a4750700b51#1,IS2,0.02479572997722095,False
6-2-53_jpg.rf.e12c490fa20722b1d65c9a4750700b51,1,6-2-53_jpg.rf.e12c490fa20722b1d65c9a4750700b51#1,IAC,0.026770792843990587,False
6-2-53_jpg.rf.e12c490fa20722b1d65c9a4750700b51,1,6-2-53_jpg.rf.e12c490fa20722b1d65c9a4750700b51#1,IS1,0.01192714037573517,False
6-2-53_jpg.rf.e12c490fa20722b1d65c9a4750700b51,1,6-2-53_jpg.rf.e12c490fa20722b1d65c9a4750700b51#1,BL1,0.06381962951494183,False
6-2-5_jpg.rf.7a6a5887783cfa57c0bc8988d9f7df0a,0,6-2-5_jpg.rf.7a6a5887783cfa57c0bc8988d9f7df0a#0,AOI,0.015907880995981366,False
6-2-5_jpg.rf.7a6a5887783cfa57c0bc8988d9f7df0a,0,6-2-5_jpg.rf.7a6a5887783cfa57c0bc8988d9f7df0a#0,BL2,0.06843729897396618,False
6-2-5_jpg.rf.7a6a5887783cfa57c0bc8988d9f7df0a,0,6-2-5_jpg.rf.7a6a5887783cfa57c0bc8988d9f7df0a#0,IS2,0.05006860269282449,False
6-2-5_jpg.rf.7a6a5887783cfa57c0bc8988d9f7df0a,0,6-2-5_jpg.rf.7a6a5887783cfa57c0bc8988d9f7df0a#0,IAC,0.02033159968969895,False
6-2-5_jpg.rf.7a6a5887783cfa57c0bc8988d9f7df0a,0,6-2-5_jpg.rf.7a6a5887783cfa57c0bc8988d9f7df0a#0,IS1,0.032856664149632994,False
6-2-5_jpg.rf.7a6a5887783cfa57c0bc8988d9f7df0a,0,6-2-5_jpg.rf.7a6a5887783cfa57c0bc8988d9f7df0a#0,BL1,0.058402263859204925,False
6-2-68_jpg.rf.baa66175a36494d24c16535ecf2e7103,0,6-2-68_jpg.rf.baa66175a36494d24c16535ecf2e7103#0,AOI,0.008623835545256225,False
6-2-68_jpg.rf.baa66175a36494d24c16535ecf2e7103,0,6-2-68_jpg.rf.baa66175a36494d24c16535ecf2e7103#0,BL2,0.06875029558215812,False
6-2-68_jpg.rf.baa66175a36494d24c16535ecf2e7103,0,6-2-68_jpg.rf.baa66175a36494d24c16535ecf2e7103#0,IS2,0.00294247063571151,False
6-2-68_jpg.rf.baa66175a36494d24c16535ecf2e7103,0,6-2-68_jpg.rf.baa66175a36494d24c16535ecf2e7103#0,IAC,0.02479061512617258,False
6-2-68_jpg.rf.baa66175a36494d24c16535ecf2e7103,0,6-2-68_jpg.rf.baa66175a36494d24c16535ecf2e7103#0,IS1,0.015273489634855291,False
6-2-68_jpg.rf.baa66175a36494d24c16535ecf2e7103,0,6-2-68_jpg.rf.baa66175a36494d24c16535ecf2e7103#0,BL1,0.09016723211838872,False
6-2-78_jpg.rf.77e6e7448613354a2f105cb051eb7fea,0,6-2-78_jpg.rf.77e6e7448613354a2f105cb051eb7fea#0,AOI,0.0009907571374385385,False
6-2-78_jpg.rf.77e6e7448613354a2f105cb051eb7fea,0,6-2-78_jpg.rf.77e6e7448613354a2f105cb051eb7fea#0,BL2,0.041079616124248715,False
6-2-78_jpg.rf.77e6e7448613354a2f105cb051eb7fea,0,6-2-78_jpg.rf.77e6e7448613354a2f105cb051eb7fea#0,IS2,0.026314281483852016,False
6-2-78_jpg.rf.77e6e7448613354a2f105cb051eb7fea,0,6-2-78_jpg.rf.77e6e7448613354a2f105cb051eb7fea#0,IAC,0.01304598222380494,False
6-2-78_jpg.rf.77e6e7448613354a2f105cb051eb7fea,0,6-2-78_jpg.rf.77e6e7448613354a2f105cb051eb7fea#0,IS1,0.01956597183573685,False
6-2-78_jpg.rf.77e6e7448613354a2f105cb051eb7fea,0,6-2-78_jpg.rf.77e6e7448613354a2f105cb051eb7fea#0,BL1,0.05618075405078468,False
6-2-80_jpg.rf.59400b615464026027aba2847f0ba89f,0,6-2-80_jpg.rf.59400b615464026027aba2847f0ba89f#0,AOI,0.006791547473312128,False
6-2-80_jpg.rf.59400b615464026027aba2847f0ba89f,0,6-2-80_jpg.rf.59400b615464026027aba2847f0ba89f#0,BL2,0.03848461189770574,False
6-2-80_jpg.rf.59400b615464026027aba2847f0ba89f,0,6-2-80_jpg.rf.59400b615464026027aba2847f0ba89f#0,IS2,0.040052182251325286,False
6-2-80_jpg.rf.59400b615464026027aba2847f0ba89f,0,6-2-80_jpg.rf.59400b615464026027aba2847f0ba89f#0,IAC,0.01574119448031781,False
6-2-80_jpg.rf.59400b615464026027aba2847f0ba89f,0,6-2-80_jpg.rf.59400b615464026027aba2847f0ba89f#0,IS1,0.019609862707831313,False
6-2-80_jpg.rf.59400b615464026027aba2847f0ba89f,0,6-2-80_jpg.rf.59400b615464026027aba2847f0ba89f#0,BL1,0.007770368149527157,False
6-2-81_jpg.rf.4be81bdca3f7c3239d100c6027b3c2a6,0,6-2-81_jpg.rf.4be81bdca3f7c3239d100c6027b3c2a6#0,AOI,0.0012954081649761396,False
6-2-81_jpg.rf.4be81bdca3f7c3239d100c6027b3c2a6,0,6-2-81_jpg.rf.4be81bdca3f7c3239d100c6027b3c2a6#0,BL2,0.10349009337421076,False
6-2-81_jpg.rf.4be81bdca3f7c3239d100c6027b3c2a6,0,6-2-81_jpg.rf.4be81bdca3f7c3239d100c6027b3c2a6#0,IS2,0.007015322266235924,False
6-2-81_jpg.rf.4be81bdca3f7c3239d100c6027b3c2a6,0,6-2-81_jpg.rf.4be81bdca3f7c3239d100c6027b3c2a6#0,IAC,0.009969638422588408,False
6-2-81_jpg.rf.4be81bdca3f7c3239d100c6027b3c2a6,0,6-2-81_jpg.rf.4be81bdca3f7c3239d100c6027b3c2a6#0,IS1,0.011400298825172128,False
6-2-81_jpg.rf.4be81bdca3f7c3239d100c6027b3c2a6,0,6-2-81_jpg.rf.4be81bdca3f7c3239d100c6027b3c2a6#0,BL1,0.17601225424950287,True
6-2-83_jpg.rf.0f5fd6a18a74cf78a634fd104ce7cf78,0,6-2-83_jpg.rf.0f5fd6a18a74cf78a634fd104ce7cf78#0,AOI,0.004044479107329856,False
6-2-83_jpg.rf.0f5fd6a18a74cf78a634fd104ce7cf78,0,6-2-83_jpg.rf.0f5fd6a18a74cf78a634fd104ce7cf78#0,BL2,0.009522268795287385,False
6-2-83_jpg.rf.0f5fd6a18a74cf78a634fd104ce7cf78,0,6-2-83_jpg.rf.0f5fd6a18a74cf78a634fd104ce7cf78#0,IS2,0.016091061304328462,False
6-2-83_jpg.rf.0f5fd6a18a74cf78a634fd104ce7cf78,0,6-2-83_jpg.rf.0f5fd6a18a74cf78a634fd104ce7cf78#0,IAC,0.015768779647432934,False
6-2-83_jpg.rf.0f5fd6a18a74cf78a634fd104ce7cf78,0,6-2-83_jpg.rf.0f5fd6a18a74cf78a634fd104ce7cf78#0,IS1,0.00975101253750996,False
6-2-83_jpg.rf.0f5fd6a18a74cf78a634fd104ce7cf78,0,6-2-83_jpg.rf.0f5fd6a18a74cf78a634fd104ce7cf78#0,BL1,0.008882674882250486,False
7-1-13_jpg.rf.52767ae3702b2a6214d68fe173d45249,0,7-1-13_jpg.rf.52767ae3702b2a6214d68fe173d45249#0,AOI,0.011671443035939815,False
7-1-13_jpg.rf.52767ae3702b2a6214d68fe173d45249,0,7-1-13_jpg.rf.52767ae3702b2a6214d68fe173d45249#0,BL2,0.05625687786555791,False
7-1-13_jpg.rf.52767ae3702b2a6214d68fe173d45249,0,7-1-13_jpg.rf.52767ae3702b2a6214d68fe173d45249#0,IS2,0.01754697929462768,False
7-1-13_jpg.rf.52767ae3702b2a6214d68fe173d45249,0,7-1-13_jpg.rf.52767ae3702b2a6214d68fe173d45249#0,IAC,0.012282710085219847,False
7-1-13_jpg.rf.52767ae3702b2a6214d68fe173d45249,0,7-1-13_jpg.rf.52767ae3702b2a6214d68fe173d45249#0,IS1,0.013285823183142073,False
7-1-13_jpg.rf.52767ae3702b2a6214d68fe173d45249,0,7-1-13_jpg.rf.52767ae3702b2a6214d68fe173d45249#0,BL1,0.03228102164366722,False
7-1-18_jpg.rf.c77f9dfe29125b3af4d5e422dc957149,0,7-1-18_jpg.rf.c77f9dfe29125b3af4d5e422dc957149#0,AOI,0.033207779804503734,False
7-1-18_jpg.rf.c77f9dfe29125b3af4d5e422dc957149,0,7-1-18_jpg.rf.c77f9dfe29125b3af4d5e422dc957149#0,BL2,0.052284167137344094,False
7-1-18_jpg.rf.c77f9dfe29125b3af4d5e422dc957149,0,7-1-18_jpg.rf.c77f9dfe29125b3af4d5e422dc957149#0,IS2,0.007993535352373423,False
7-1-18_jpg.rf.c77f9dfe29125b3af4d5e422dc957149,0,7-1-18_jpg.rf.c77f9dfe29125b3af4d5e422dc957149#0,IAC,0.022239146949708827,False
7-1-18_jpg.rf.c77f9dfe29125b3af4d5e422dc957149,0,7-1-18_jpg.rf.c77f9dfe29125b3af4d5e422dc957149#0,IS1,0.015263050713681654,False
7-1-18_jpg.rf.c77f9dfe29125b3af4d5e422dc957149,0,7-1-18_jpg.rf.c77f9dfe29125b3af4d5e422dc957149#0,BL1,0.004773075913776519,False
7-1-18_jpg.rf.c77f9dfe29125b3af4d5e422dc957149,1,7-1-18_jpg.rf.c77f9dfe29125b3af4d5e422dc957149#1,AOI,0.011030163428988526,False
7-1-18_jpg.rf.c77f9dfe29125b3af4d5e422dc957149,1,7-1-18_jpg.rf.c77f9dfe29125b3af4d5e422dc957149#1,BL2,0.015947762826414733,False
7-1-18_jpg.rf.c77f9dfe29125b3af4d5e422dc957149,1,7-1-18_jpg.rf.c77f9dfe29125b3af4d5e422dc957149#1,IS2,0.011632155228911107,False
7-1-18_jpg.rf.c77f9dfe29125b3af4d5e422dc957149,1,7-1-18_jpg.rf.c77f9dfe29125b3af4d5e422dc957149#1,IAC,0.06101294522397437,True
7-1-18_jpg.rf.c77f9dfe29125b3af4d5e422dc957149,1,7-1-18_jpg.rf.c77f9dfe29125b3af4d5e422dc957149#1,IS1,0.039765588784314077,False
7-1-18_jpg.rf.c77f9dfe29125b3af4d5e422dc957149,1,7-1-18_jpg.rf.c77f9dfe29125b3af4d5e422dc957149#1,BL1,0.026152674027370957,False
7-1-18_jpg.rf.c77f9dfe29125b3af4d5e422dc957149,2,7-1-18_jpg.rf.c77f9dfe29125b3af4d5e422dc957149#2,AOI,0.006456014253099355,False
7-1-18_jpg.rf.c77f9dfe29125b3af4d5e422dc957149,2,7-1-18_jpg.rf.c77f9dfe29125b3af4d5e422dc957149#2,BL2,0.04968688089121308,False
7-1-18_jpg.rf.c77f9dfe29125b3af4d5e422dc957149,2,7-1-18_jpg.rf.c77f9dfe29125b3af4d5e422dc957149#2,IS2,0.04454790312281698,False
7-1-18_jpg.rf.c77f9dfe29125b3af4d5e422dc957149,2,7-1-18_jpg.rf.c77f9dfe29125b3af4d5e422dc957149#2,IAC,0.045151171534504805,False
7-1-18_jpg.rf.c77f9dfe29125b3af4d5e422dc957149,2,7-1-18_jpg.rf.c77f9dfe29125b3af4d5e422dc957149#2,IS1,0.030331113549945873,False
7-1-18_jpg.rf.c77f9dfe29125b3af4d5e422dc957149,2,7-1-18_jpg.rf.c77f9dfe29125b3af4d5e422dc957149#2,BL1,0.0926577366374953,False
7-1-21_jpg.rf.1c94341e347a5619d6d533587214a38d,0,7-1-21_jpg.rf.1c94341e347a5619d6d533587214a38d#0,AOI,0.0656347813558683,True
7-1-21_jpg.rf.1c94341e347a5619d6d533587214a38d,0,7-1-21_jpg.rf.1c94341e347a5619d6d533587214a38d#0,BL2,0.1352094737821241,False
7-1-21_jpg.rf.1c94341e347a5619d6d533587214a38d,0,7-1-21_jpg.rf.1c94341e347a5619d6d533587214a38d#0,IS2,0.10402429353112191,True
7-1-21_jpg.rf.1c94341e347a5619d6d533587214a38d,0,7-1-21_jpg.rf.1c94341e347a5619d6d533587214a38d#0,IAC,0.09127176387786762,True
7-1-21_jpg.rf.1c94341e347a5619d6d533587214a38d,0,7-1-21_jpg.rf.1c94341e347a5619d6d533587214a38d#0,IS1,0.035790532627155765,False
7-1-21_jpg.rf.1c94341e347a5619d6d533587214a38d,0,7-1-21_jpg.rf.1c94341e347a5619d6d533587214a38d#0,BL1,0.16864583385031565,True
7-1-21_jpg.rf.1c94341e347a5619d6d533587214a38d,1,7-1-21_jpg.rf.1c94341e347a5619d6d533587214a38d#1,AOI,0.02773006961185024,False
7-1-21_jpg.rf.1c94341e347a5619d6d533587214a38d,1,7-1-21_jpg.rf.1c94341e347a5619d6d533587214a38d#1,BL2,0.09813380165005833,False
7-1-21_jpg.rf.1c94341e347a5619d6d533587214a38d,1,7-1-21_jpg.rf.1c94341e347a5619d6d533587214a38d#1,IS2,0.03767773592617962,False
7-1-21_jpg.rf.1c94341e347a5619d6d533587214a38d,1,7-1-21_jpg.rf.1c94341e347a5619d6d533587214a38d#1,IAC,0.030163659020233796,False
7-1-21_jpg.rf.1c94341e347a5619d6d533587214a38d,1,7-1-21_jpg.rf.1c94341e347a5619d6d533587214a38d#1,IS1,0.060370180702512356,False
7-1-21_jpg.rf.1c94341e347a5619d6d533587214a38d,1,7-1-21_jpg.rf.1c94341e347a5619d6d533587214a38d#1,BL1,0.02429608120594437,False
7-1-21_jpg.rf.1c94341e347a5619d6d533587214a38d,2,7-1-21_jpg.rf.1c94341e347a5619d6d533587214a38d#2,AOI,0.03197160599298563,False
7-1-21_jpg.rf.1c94341e347a5619d6d533587214a38d,2,7-1-21_jpg.rf.1c94341e347a5619d6d533587214a38d#2,BL2,0.11264374297892789,False
7-1-21_jpg.rf.1c94341e347a5619d6d533587214a38d,2,7-1-21_jpg.rf.1c94341e347a5619d6d533587214a38d#2,IS2,0.07034463245232041,True
7-1-21_jpg.rf.1c94341e347a5619d6d533587214a38d,2,7-1-21_jpg.rf.1c94341e347a5619d6d533587214a38d#2,IAC,0.08723562159178588,True
7-1-21_jpg.rf.1c94341e347a5619d6d533587214a38d,2,7-1-21_jpg.rf.1c94341e347a5619d6d533587214a38d#2,IS1,0.040756168554535815,False
7-1-21_jpg.rf.1c94341e347a5619d6d533587214a38d,2,7-1-21_jpg.rf.1c94341e347a5619d6d533587214a38d#2,BL1,0.033335611535828924,False
7-1-32_jpg.rf.5fff691d396ad6fb5af6bb214432862a,0,7-1-32_jpg.rf.5fff691d396ad6fb5af6bb214432862a#0,AOI,0.02122834400101151,False
7-1-32_jpg.rf.5fff691d396ad6fb5af6bb214432862a,0,7-1-32_jpg.rf.5fff691d396ad6fb5af6bb214432862a#0,BL2,0.08234734352231339,False
7-1-32_jpg.rf.5fff691d396ad6fb5af6bb214432862a,0,7-1-32_jpg.rf.5fff691d396ad6fb5af6bb214432862a#0,IS2,0.01968248953349766,False
7-1-32_jpg.rf.5fff691d396ad6fb5af6bb214432862a,0,7-1-32_jpg.rf.5fff691d396ad6fb5af6bb214432862a#0,IAC,0.040673073202358086,False
7-1-32_jpg.rf.5fff691d396ad6fb5af6bb214432862a,0,7-1-32_jpg.rf.5fff691d396ad6fb5af6bb214432862a#0,IS1,0.02898919658811087,False
7-1-32_jpg.rf.5fff691d396ad6fb5af6bb214432862a,0,7-1-32_jpg.rf.5fff691d396ad6fb5af6bb214432862a#0,BL1,0.07778449059939307,False
7-2-100_jpg.rf.14e97388edf5dced857a60f0f736011e,0,7-2-100_jpg.rf.14e97388edf5dced857a60f0f736011e#0,AOI,0.03660503047569395,False
7-2-100_jpg.rf.14e97388edf5dced857a60f0f736011e,0,7-2-100_jpg.rf.14e97388edf5dced857a60f0f736011e#0,BL2,0.08302850009577839,False
7-2-100_jpg.rf.14e97388edf5dced857a60f0f736011e,0,7-2-100_jpg.rf.14e97388edf5dced857a60f0f736011e#0,IS2,0.10660322221397839,True
7-2-100_jpg.rf.14e97388edf5dced857a60f0f736011e,0,7-2-100_jpg.rf.14e97388edf5dced857a60f0f736011e#0,IAC,0.07098608085039156,True
7-2-100_jpg.rf.14e97388edf5dced857a60f0f736011e,0,7-2-100_jpg.rf.14e97388edf5dced857a60f0f736011e#0,IS1,0.10799706025743395,True
7-2-100_jpg.rf.14e97388edf5dced857a60f0f736011e,0,7-2-100_jpg.rf.14e97388edf5dced857a60f0f736011e#0,BL1,0.05845146304847911,False
7-2-119_jpg.rf.77caec442c086cd5fe9182a61cce5fdf,0,7-2-119_jpg.rf.77caec442c086cd5fe9182a61cce5fdf#0,AOI,0.011041815653242748,False
7-2-119_jpg.rf.77caec442c086cd5fe9182a61cce5fdf,0,7-2-119_jpg.rf.77caec442c086cd5fe9182a61cce5fdf#0,BL2,0.0070927913476410915,False
7-2-119_jpg.rf.77caec442c086cd5fe9182a61cce5fdf,0,7-2-119_jpg.rf.77caec442c086cd5fe9182a61cce5fdf#0,IS2,0.029577821230652716,False
7-2-119_jpg.rf.77caec442c086cd5fe9182a61cce5fdf,0,7-2-119_jpg.rf.77caec442c086cd5fe9182a61cce5fdf#0,IAC,0.01366747323020045,False
7-2-119_jpg.rf.77caec442c086cd5fe9182a61cce5fdf,0,7-2-119_jpg.rf.77caec442c086cd5fe9182a61cce5fdf#0,IS1,0.04692917559858931,False
7-2-119_jpg.rf.77caec442c086cd5fe9182a61cce5fdf,0,7-2-119_jpg.rf.77caec442c086cd5fe9182a61cce5fdf#0,BL1,0.02522282557556411,False
7-2-131_jpg.rf.13aa309e531044bc4f47c900c4699673,0,7-2-131_jpg.rf.13aa309e531044bc4f47c900c4699673#0,AOI,0.02418406175005519,False
7-2-131_jpg.rf.13aa309e531044bc4f47c900c4699673,0,7-2-131_jpg.rf.13aa309e531044bc4f47c900c4699673#0,BL2,0.10398310749532597,False
7-2-131_jpg.rf.13aa309e531044bc4f47c900c4699673,0,7-2-131_jpg.rf.13aa309e531044bc4f47c900c4699673#0,IS2,0.04933519921702976,False
7-2-131_jpg.rf.13aa309e531044bc4f47c900c4699673,0,7-2-131_jpg.rf.13aa309e531044bc4f47c900c4699673#0,IAC,0.043372095662109145,False
7-2-131_jpg.rf.13aa309e531044bc4f47c900c4699673,0,7-2-131_jpg.rf.13aa309e531044bc4f47c900c4699673#0,IS1,0.027557935664120063,False
7-2-131_jpg.rf.13aa309e531044bc4f47c900c4699673,0,7-2-131_jpg.rf.13aa309e531044bc4f47c900c4699673#0,BL1,0.0814971775997993,False
7-2-30_jpg.rf.72d59d4a4c92c406ee2f1f0f87407bf5,0,7-2-30_jpg.rf.72d59d4a4c92c406ee2f1f0f87407bf5#0,AOI,0.009808942589507584,False
7-2-30_jpg.rf.72d59d4a4c92c406ee2f1f0f87407bf5,0,7-2-30_jpg.rf.72d59d4a4c92c406ee2f1f0f87407bf5#0,BL2,0.25942464619367595,True
7-2-30_jpg.rf.72d59d4a4c92c406ee2f1f0f87407bf5,0,7-2-30_jpg.rf.72d59d4a4c92c406ee2f1f0f87407bf5#0,IS2,0.2511033472212053,True
7-2-30_jpg.rf.72d59d4a4c92c406ee2f1f0f87407bf5,0,7-2-30_jpg.rf.72d59d4a4c92c406ee2f1f0f87407bf5#0,IAC,0.07351351586289395,True
7-2-30_jpg.rf.72d59d4a4c92c406ee2f1f0f87407bf5,0,7-2-30_jpg.rf.72d59d4a4c92c406ee2f1f0f87407bf5#0,IS1,0.23623071504346121,True
7-2-30_jpg.rf.72d59d4a4c92c406ee2f1f0f87407bf5,0,7-2-30_jpg.rf.72d59d4a4c92c406ee2f1f0f87407bf5#0,BL1,0.2623908499060024,True
7-2-37_jpg.rf.3e429d7a11245169ef1b4a1902b8e19e,0,7-2-37_jpg.rf.3e429d7a11245169ef1b4a1902b8e19e#0,AOI,0.01781198104762801,False
7-2-37_jpg.rf.3e429d7a11245169ef1b4a1902b8e19e,0,7-2-37_jpg.rf.3e429d7a11245169ef1b4a1902b8e19e#0,BL2,0.06169361878684967,False
7-2-37_jpg.rf.3e429d7a11245169ef1b4a1902b8e19e,0,7-2-37_jpg.rf.3e429d7a11245169ef1b4a1902b8e19e#0,IS2,0.06096106999185071,False
7-2-37_jpg.rf.3e429d7a11245169ef1b4a1902b8e19e,0,7-2-37_jpg.rf.3e429d7a11245169ef1b4a1902b8e19e#0,IAC,0.030203008772161803,False
7-2-37_jpg.rf.3e429d7a11245169ef1b4a1902b8e19e,0,7-2-37_jpg.rf.3e429d7a11245169ef1b4a1902b8e19e#0,IS1,0.04232102960825647,False
7-2-37_jpg.rf.3e429d7a11245169ef1b4a1902b8e19e,0,7-2-37_jpg.rf.3e429d7a11245169ef1b4a1902b8e19e#0,BL1,0.009003165933044262,False
7-2-86_jpg.rf.eeda13a8c60069e5630317da0c989266,0,7-2-86_jpg.rf.eeda13a8c60069e5630317da0c989266#0,AOI,0.004360684853248969,False
7-2-86_jpg.rf.eeda13a8c60069e5630317da0c989266,0,7-2-86_jpg.rf.eeda13a8c60069e5630317da0c989266#0,BL2,0.01994904091267677,False
7-2-86_jpg.rf.eeda13a8c60069e5630317da0c989266,0,7-2-86_jpg.rf.eeda13a8c60069e5630317da0c989266#0,IS2,0.013279337625581254,False
7-2-86_jpg.rf.eeda13a8c60069e5630317da0c989266,0,7-2-86_jpg.rf.eeda13a8c60069e5630317da0c989266#0,IAC,0.02079722555695147,False
7-2-86_jpg.rf.eeda13a8c60069e5630317da0c989266,0,7-2-86_jpg.rf.eeda13a8c60069e5630317da0c989266#0,IS1,0.00722533805882609,False
7-2-86_jpg.rf.eeda13a8c60069e5630317da0c989266,0,7-2-86_jpg.rf.eeda13a8c60069e5630317da0c989266#0,BL1,0.016307259611850117,False
